Workbook

Sheet Formula
A1: Composition | B1: Element 1 (line)* | C1: index 1 | D1: Element 2 (line) | E1: index 2 | F1: Element 3 (line)** | G1: index 3 | H1: Element 4 (line) | I1: index 4 | J1: Element 5(line) | K1: index 5 | L1: Dopants | M1: Dopant 1(line) | N1: Best Concentration | O1: Crystal System | P1: Space Group | T1: DOI
A2: Na4Ca(PO3)6 | B2: 12 | C2: 4 | D2: 21 | E2: 1 | F2: 16 | G2: 6 | H2: 9 | I2: 18 | J2: 87 | K2: 0 | L2: Eu3+ | M2: 64 | N2: 0.04 | O2: 2 | P2: 15 | T2: https://doi.org/10.1016/j.chphi.2024.10071
A3: PbZrO3 | B3: 83 | C3: 1 | D3: 41 | E3: 1 | F3: 9 | G3: 3 | H3: 87 | I3: 0 | J3: 87 | K3: 0 | L3: Eu3+ | M3: 64 | N3: 0.07 | O3: 3 | P3: 55 | T3: https://doi.org/10.1016/j.saa.2023.123005
A4: Ca3Al2O6 | B4: 21 | C4: 3 | D4: 14 | E4: 2 | F4: 9 | G4: 6 | H4: 87 | I4: 0 | J4: 87 | K4: 0 | L4: Eu3+ | M4: 64 | N4: 0.04 | O4: 7 | P4: 221 | T4: https://doi.org/10.1016/S1002-0721(16)60153-9
A5: CaLa4Si3O13 | B5: 21 | C5: 1 | D5: 58 | E5: 4 | F5: 15 | G5: 3 | H5: 9 | I5: 13 | J5: 87 | K5: 0 | L5: Eu3+ | M5: 64 | N5: 0.04 | O5: 6 | P5: 176 | T5: https://doi.org/10.1016/j.ceramint.2022.06.036
A6: YPO4 | B6: 40 | C6: 1 | D6: 16 | E6: 1 | F6: 9 | G6: 4 | H6: 87 | I6: 0 | J6: 87 | K6: 0 | L6: Eu3+ | M6: 64 | N6: 0.05 | O6: 4 | P6: 141 | T6: https://doi.org/10.1016/j.matpr.2022.04.055
A7: SnO2 | B7: 51 | C7: 1 | D7: 9 | E7: 2 | F7: 87 | G7: 0 | H7: 87 | I7: 0 | J7: 87 | K7: 0 | L7: Eu3+ | M7: 64 | N7: 0.03 | O7: 4 | P7: 136 | T7: https://doi.org/10.1016/j.jallcom.2020.153640
A8: HfO2 | B8: 73 | C8: 1 | D8: 9 | E8: 2 | F8: 87 | G8: 0 | H8: 87 | I8: 0 | J8: 87 | K8: 0 | L8: Eu3+ | M8: 64 | N8: 0.05 | O8: 2 | P8: 14 | T8: https://doi.org/10.1016/j.ceramint.2018.01.250
A9: Ca3Si2O7 | B9: 21 | C9: 3 | D9: 15 | E9: 2 | F9: 9 | G9: 7 | H9: 87 | I9: 0 | J9: 87 | K9: 0 | L9: Eu3+ | M9: 64 | N9: 0.09 | O9: 2 | P9: 14 | T9: https://doi.org/10.1016/j.jallcom.2021.162265
A10: Sr3Ga2Ge4O14 | B10: 39 | C10: 3 | D10: 32 | E10: 2 | F10: 33 | G10: 4 | H10: 9 | I10: 14 | J10: 87 | K10: 0 | L10: Eu3+ | M10: 64 | N10: 0.05 | O10: 5 | P10: 150 | T10: https://doi.org/10.1016/j.optmat.2023.113528
A11: YBO3 | B11: 40 | C11: 1 | D11: 6 | E11: 1 | F11: 9 | G11: 1 | H11: 87 | I11: 0 | J11: 87 | K11: 0 | L11: Eu3+ | M11: 64 | N11: 0.02 | O11: 2 | P11: 15 | T11: http://dx.doi.org/10.1016/j.spmi.2013.12.026
A12: Ba2Si4O10 | B12: 57 | C12: 2 | D12: 15 | E12: 4 | F12: 9 | G12: 10 | H12: 87 | I12: 0 | J12: 87 | K12: 0 | L12: Eu3+ | M12: 64 | N12: 0.02 | O12: 3 | P12: 62 | T12: http://dx.doi.org/10.1016/j.jlumin.2016.07.013
A13: Ca19Mg2(PO4)14 | B13: 21 | C13: 19 | D13: 13 | E13: 2 | F13: 16 | G13: 14 | H13: 9 | I13: 56 | J13: 87 | K13: 0 | L13: Eu3+ | M13: 64 | N13: 0.1 | O13: 5 | P13: 161 | T13: https://doi.org/10.1016/j.jallcom.2020.156070
... A75: Na3Bi5(PO4)6 | B75: 12 | C75: 3 | D75: 84 | E75: 5 | F75: 16 | G75: 6 | H75: 9 | I75: 24 | J75: 87 | K75: 0 | L75: Eu3+ | M75: 64 | N75: 0.05 | O75: 7 | P75: 220 | T75: https://doi.org/10.1016/j.ceramint.2022.02.046
A76: SrAl2O4 | B76: 39 | C76: 1 | D76: 14 | E76: 2 | F76: 9 | G76: 4 | H76: 87 | I76: 0 | J76: 87 | K76: 0 | L76: Eu3+ | M76: 64 | N76: 0.01 | O76: 2 | P76: 4
A77: SrMg2La2W2O12 | B77: 39 | C77: 1 | D77: 13 | E77: 2 | F77: 58 | G77: 2 | H77: 75 | I77: 2 | J77: 9 | K77: 12 | L77: Eu3+ | M77: 64 | N77: 0.08 | O77: 3 | P77: 16 | T77: https://doi.org/10.1016/j.jpcs.2021.110569
A78: GdSr2AlO5 | B78: 65 | C78: 1 | D78: 39 | E78: 2 | F78: 14 | G78: 1 | H78: 9 | I78: 5 | J78: 87 | K78: 0 | L78: Eu3+ | M78: 64 | N78: 0.03 | O78: 4 | P78: 140 | T78: https://doi.org/10.1016/j.jallcom.2023.171410
A79: Ba2La8(GeO4)6O2 | B79: 57 | C79: 2 | D79: 58 | E79: 8 | F79: 33 | G79: 6 | H79: 9 | I79: 26 | J79: 87 | K79: 0 | L79: Eu3+ | M79: 64 | N79: 0.08 | O79: 6 | P79: 176 | T79: https://doi.org/10.1016/j.jre.2020.10.019
A80: LaCaAl3O7 | B80: 58 | C80: 1 | D80: 21 | E80: 1 | F80: 14 | G80: 3 | H80: 9 | I80: 7 | J80: 87 | K80: 0 | L80: Eu3+ | M80: 64 | N80: 0.03 | O80: 2 | P80: 11 | T80: https://doi.org/10.1016/j.jtice.2025.106145
A81: Bi2Mo3O12 | B81: 84 | C81: 2 | D81: 43 | E81: 3 | F81: 9 | G81: 12 | H81: 87 | I81: 0 | J81: 87 | K81: 0 | L81: Eu3+ | M81: 64 | N81: 0.04 | O81: 2 | P81: 14 | T81: https://doi.org/10.1016/j.jallcom.2024.175566
A82: Ca9MgLi(PO4)7 | B82: 21 | C82: 9 | D82: 13 | E82: 1 | F82: 4 | G82: 1 | H82: 16 | I82: 7 | J82: 9 | K82: 28 | L82: Eu3+ | M82: 64 | N82: 0.08 | O82: 5 | P82: 161 | T82: https://doi.org/10.1016/j.jlumin.2022.119397
A83: ZnTiO3 | B83: 31 | C83: 1 | D83: 23 | E83: 1 | F83: 9 | G83: 3 | H83: 87 | I83: 0 | J83: 87 | K83: 0 | L83: Eu3+ | M83: 64 | N83: 0.02 | O83: 5 | P83: 161 | T83: https://doi.org/10.1016/S1002-0721(14)60408-7
A84: NaCa4(BO3)3 | B84: 12 | C84: 1 | D84: 21 | E84: 4 | F84: 6 | G84: 3 | H84: 9 | I84: 9 | J84: 87 | K84: 0 | L84: Eu3+ | M84: 64 | N84: 0.08 | O84: 3 | P84: 40 | T84: https://doi.org/10.1016/j.jallcom.2010.04.242
A85: LiCaBO3 | B85: 4 | C85: 1 | D85: 21 | E85: 1 | F85: 6 | G85: 1 | H85: 9 | I85: 3 | J85: 87 | K85: 0 | L85: Eu3+ | M85: 64 | N85: 0.03 | O85: 3 | P85: 61 | T85: https://doi.org/10.1016/S1002-0721(08)60257-4
A86: LaAlO3 | B86: 58 | C86: 1 | D86: 14 | E86: 1 | F86: 9 | G86: 3 | H86: 87 | I86: 0 | J86: 87 | K86: 0 | L86: Eu3+ | M86: 64 | N86: 0.02 | O86: 5 | P86: 160 | T86: https://doi.org/10.1016/j.jallcom.2024.177504
A87: CaZnV2O7 | B87: 21 | C87: 1 | D87: 31 | E87: 1 | F87: 25 | G87: 2 | H87: 9 | I87: 7 | J87: 87 | K87: 0 | L87: Eu3+ | M87: 64 | N87: 0.02 | O87: 2 | P87: 14 | T87: https://doi.org/10.1016/j.jlumin.2019.116530
A88: Ca3La6Si6O24 | B88: 21 | C88: 3 | D88: 58 | E88: 6 | F88: 15 | G88: 6 | H88: 9 | I88: 24 | J88: 87 | K88: 0 | L88: Eu3+ | M88: 64 | N88: 0.08 | O88: 6 | P88: 176 | T88: https://doi.org/10.1016/j.materresbull.2019.110651
... A121: PbMoO4 | B121: 83 | C121: 1 | D121: 43 | E121: 1 | F121: 9 | G121: 4 | H121: 87 | I121: 0 | J121: 87 | K121: 0 | L121: Eu3+ | M121: 64 | N121: 0.05 | O121: 4 | P121: 88 | T121: https://doi.org/10.1016/j.jphotochem.2015.08.009

Sheet Properties
A1: Symbol | B1: Electron configuration | C1: Atomic weight | D1: Atomic number | E1: Period | F1: Group | G1: quantum number l | H1: Metal(1)/ metalloid(2)/ nonmetal(3) | I1: Mendeleev number | J1: Families | K1: valence s | L1: valence p | M1: valence d | N1: valence f | O1: unfilled s | P1: unfilled p | Q1: unfilled d | R1: unfilled f | S1: no. of valence electrons | T1: outer shell electrons | U1: Gilman no. of valence electrons | V1: Pauling valence, v | W1: Metallic valence | X1: Zeff | Y1: 1st Bohr radius (a0) | Z1: Ionization energy (eV) | AA1: Electron affinity (ev) | AB1: Pearson absolute (eV) | AC1: Ghosh Gupta (eV) | AD1: Pauling EN | AE1: Martynov Batsanov EN | AF1: Mulliken EN | AG1: Allred EN | AH1: Allred Rockow EN | AI1: Nagle EN | AJ1: Putz Russo Sicillia EN | AK1: Gordy EN | AL1: Ghosh EN | AM1: Atomic radius calculated | AN1: Covalent radius | AO1: Ionic radius | AP1: Effective ionic radius | AQ1: Miracle radius | AR1: van der Waals radius | AS1: Zunger radii sum | AT1: Crystal radius | AU1: Covalent CSD radius | AV1: Slater radius | AW1: Orbital radius | AX1: Pauling, R(CN12) | AY1: Pauling, R(1) | AZ1: polarizability, A^3 | BA1: Melting point, K | BB1: Boiling point, K | BC1: Density, g/mL | BD1: Specific heat, J/g K | BE1: Heat of fusion, kJ/mol | BF1: Heat of vaporization, kJ/mol | BG1: Heat of atomization, kJ/mol | BH1: Thermal conductivity, W/m K | BI1: Thermal expansion, K^-1 | BJ1: Cohesive energy | BK1: Bulk modulus, GPa | BL1: Sheer modulus, GPa | BM1: Young modulus, GPa | BN1: Hardness Vickers, GPa | BO1: Hardness Brinell, GPa | BP1: Resistivity (mΩ) | BQ1: Electrical Conductivity (S/m) | BR1: Neutron Cross Section | BS1: Neutron Mass Absorption | BT1: no. of Known Isotopes | BU1: no. of Stable Isotopes | BV1: fraction of stable isotopes | BW1: fraction abundance of stable isotopes | BX1: Abundance in Earth's crust | BY1: Abundance in solar system (log) | BZ1: HHI production | CA1: HHI reserve | CB1: cost, pure ($/100g)
A2: H | B2: 1s1 | C2: 1.00794 | D2: 1 | E2: 1 | F2: 1 | G2: 0 | H2: 3 | I2: 92 | J2: 7 | K2: 1 | L2: 0 | M2: 0 | N2: 0 | O2: 1 | P2: 6 | Q2: 10 | R2: 14 | S2: 1 | T2: 1 | U2: 1 | V2: N/A | W2: 0 | X2: 1 | Y2: 0.529 | Z2: 13.5984 | AA2: 0.75661829 | AB2: 7.18 | AC2: 7.1862 | AD2: 2.2 | AE2: 2.1 | AF2: 7.18 | AG2: 2.2 | AH2: 2.3 | AI2: 2.27 | AJ2: N/A | AK2: 2.13 | AL2: 8.22 | AM2: 0.53 | AN2: 0.37 | AO2: 0.11 | AP2: 0.1 | AQ2: 0.51 | AR2: 1.2 | AS2: 1.25 | AT2: 0.1 | AU2: 0.31 | AV2: 0.25 | AW2: 0.529 | AX2: N/A | AY2: N/A | AZ2: 0.7 | BA2: 14.05 | BB2: 20.25 | BC2: 0.0899 | BD2: 14.304 | BE2: 0.5868 | BF2: 0.44936 | BG2: 218 | BH2: 0.1815 | BI2: N/A | BJ2: N/A | BK2: 0.2 | BL2: N/A | BM2: N/A | BN2: N/A | BO2: N/A | BP2: N/A | BQ2: N/A | BR2: 0.332 | BS2: 0.011 | BT2: 7 | BU2: 2 | BV2: 0.28571429 | BW2: 1 | BX2: 0.0014292853 | BY2: 0.90985095 | BZ2: N/A | CA2: N/A | CB2: 12
A3: He | B3: 1s2 | C3: 4.002602 | D3: 2 | E3: 1 | F3: 18 | G3: 0 | H3: 3 | I3: 98 | J3: 9 | K3: 2 | L3: 0 | M3: 0 | N3: 0 | O3: 0 | P3: 6 | Q3: 10 | R3: 14 | S3: 2 | T3: 2 | U3: 2 | V3: N/A | W3: 0 | X3: 1.344 | Y3: 0.394 | Z3: 24.5874 | AA3: -0.51828415 | AB3: N/A | AC3: 12.0568 | AD3: N/A | AE3: N/A | AF3: N/A | AG3: N/A | AH3: 4.16 | AI3: 3.92 | AJ3: N/A | AK3: N/A | AL3: 40.4 | AM3: 0.31 | AN3: 0.32 | AO3: 0.58 | AP3: 0.56 | AQ3: 1.19 | AR3: 1.4 | AS3: 1.69 | AT3: 0.57 | AU3: 0.28 | AV3: 0.31 | AW3: 0.291 | AX3: N/A | AY3: N/A | AZ3: 0.198 | BA3: 0.95 | BB3: 4.25 | BC3: 0.1785 | BD3: 5.193 | BE3: 0.02 | BF3: 0.0845 | BG3: 0 | BH3: 0.152 | BI3: N/A | BJ3: N/A | BK3: N/A | BL3: N/A | BM3: N/A | BN3: N/A | BO3: N/A | BP3: N/A | BQ3: N/A | BR3: 0.007 | BS3: 1e-05 | BT3: 9 | BU3: 2 | BV3: 0.22222222 | BW3: 1 | BX3: 8.1673446e-09 | BY3: 0.088702315 | BZ3: N/A | CA3: N/A | CB3: 5.2
A4: Li | B4: [He]2s1 | C4: 6.941 | D4: 3 | E4: 2 | F4: 1 | G4: 0 | H4: 1 | I4: 1 | J4: 1 | K4: 1 | L4: 0 | M4: 0 | N4: 0 | O4: 1 | P4: 6 | Q4: 10 | R4: 14 | S4: 1 | T4: 1 | U4: 1 | V4: 1 | W4: 1 | X4: 1.259 | Y4: 1.681 | Z4: 5.3917 | AA4: 0.62211923 | AB4: 3.01 | AC4: 2.4435 | AD4: 0.98 | AE4: 0.9 | AF4: 3.01 | AG4: 0.98 | AH4: 0.912 | AI4: 0.94 | AJ4: 3.02 | AK4: 0.95 | AL4: 1.13 | AM4: 1.67 | AN4: 1.34 | AO4: 0.9 | AP4: 0.76 | AQ4: 1.52 | AR4: 1.82 | AS4: 1.61 | AT4: 0.9 | AU4: 1.28 | AV4: 1.45 | AW4: 1.586 | AX4: 1.549 | AY4: 1.225 | AZ4: 24.3 | BA4: 453.65 | BB4: 1615.15 | BC4: 0.535 | BD4: 3.6 | BE4: 3 | BF4: 145.92 | BG4: 161 | BH4: 84.7 | BI4: 4.6e-05 | BJ4: 1.63 | BK4: 11.6 | BL4: 4.2 | BM4: 4.9 | BN4: N/A | BO4: 0.005 | BP4: 9.4e-08 | BQ4: 11000000 | BR4: 71 | BS4: N/A | BT4: 10 | BU4: 2 | BV4: 0.2 | BW4: 1 | BX4: 2.0418362e-05 | BY4: 1.8620964e-09 | BZ4: 2850 | CA4: 4180 | CB4: 27
A5: Be | B5: [He]2s2 | C5: 9.01218 | D5: 4 | E5: 2 | F5: 2 | G5: 0 | H5: 1 | I5: 67 | J5: 2 | K5: 2 | L5: 0 | M5: 0 | N5: 0 | O5: 0 | P5: 6 | Q5: 10 | R5: 14 | S5: 2 | T5: 2 | U5: 2 | V5: 2 | W5: 2 | X5: 1.656 | Y5: 1.278 | Z5: 9.3227 | AA5: -0.51850389 | AB5: 4.9 | AC5: 3.706 | AD5: 1.57 | AE5: 1.45 | AF5: 4.9 | AG5: 1.57 | AH5: 1.576 | AI5: 1.55 | AJ5: 3.4 | AK5: 1.45 | AL5: 3.81 | AM5: 1.12 | AN5: 0.9 | AO5: 0.59 | AP5: 0.45 | AQ5: 1.12 | AR5: 1.53 | AS5: 1.08 | AT5: 0.41 | AU5: 0.96 | AV5: 1.05 | AW5: 1.04 | AX5: 1.123 | AY5: 0.889 | AZ5: 5.6 | BA5: 1551.15 | BB5: 3243.15 | BC5: 1.85 | BD5: 1.82 | BE5: 7.95 | BF5: 292.4 | BG5: 324 | BH5: 200 | BI5: 1.13e-05 | BJ5: 3.32 | BK5: 110 | BL5: 132 | BM5: 287 | BN5: 1.67 | BO5: 0.6 | BP5: 4e-08 | BQ5: 25000000 | BR5: 0.0092 | BS5: 3e-05 | BT5: 12 | BU5: 1 | BV5: 0.083333333 | BW5: 1 | BX5: 2.8585706e-06 | BY5: 2.3806136e-11 | BZ5: 8074 | CA5: 4000 | CB5: 530
A6: B | B6: [He]2s22p1 | C6: 10.811 | D6: 5 | E6: 2 | F6: 13 | G6: 1 | H6: 2 | I6: 72 | J6: 6 | K6: 2 | L6: 1 | M6: 0 | N6: 0 | O6: 0 | P6: 5 | Q6: 10 | R6: 14 | S6: 3 | T6: 3 | U6: 3 | V6: 3 | W6: 3 | X6: 1.561 | Y6: 1.355 | Z6: 8.298 | AA6: 0.27970787 | AB6: 4.29 | AC6: 4.9686 | AD6: 2.04 | AE6: 1.9 | AF6: 4.29 | AG6: 2.04 | AH6: 2.051 | AI6: 2.02 | AJ6: 5.66 | AK6: 1.9 | AL6: 9.04 | AM6: 0.87 | AN6: 0.82 | AO6: 0.41 | AP6: 0.27 | AQ6: 0.78 | AR6: 1.8 | AS6: 0.8 | AT6: 0.25 | AU6: 0.84 | AV6: 0.85 | AW6: 0.776 | AX6: 0.98 | AY6: 0.8 | AZ6: 3 | BA6: 2352.15 | BB6: 4275 | BC6: 2.34 | BD6: 1.02 | BE6: 50.2 | BF6: 489.7 | BG6: 573 | BH6: 27 | BI6: 6e-06 | BJ6: 5.81 | BK6: 178 | BL6: N/A | BM6: N/A | BN6: 49 | BO6: N/A | BP6: 10000 | BQ6: 0.0001 | BR6: 760 | BS6: 2.4 | BT6: 14 | BU6: 2 | BV6: 0.14285714 | BW6: 1 | BX6: 1.0209181e-05 | BY6: 6.9135628e-10 | BZ6: 2929 | CA6: 1980 | CB6: 250
A7: C | B7: [He]2s22p2 | C7: 12.011 | D7: 6 | E7: 2 | F7: 14 | G7: 1 | H7: 3 | I7: 77 | J7: 7 | K7: 2 | L7: 2 | M7: 0 | N7: 0 | O7: 0 | P7: 4 | Q7: 10 | R7: 14 | S7: 4 | T7: 4 | U7: 4 | V7: 4 | W7: 4 | X7: 1.8193 | Y7: 1.163 | Z7: 11.2603 | AA7: 1.2649692 | AB7: 6.27 | AC7: 6.2338 | AD7: 2.55 | AE7: 2.37 | AF7: 6.27 | AG7: 2.55 | AH7: 2.544 | AI7: 2.55 | AJ7: 8.58 | AK7: 2.55 | AL7: 17.6 | AM7: 0.67 | AN7: 0.77 | AO7: 0.4 | AP7: 0.16 | AQ7: 0.77 | AR7: 1.7 | AS7: 0.64 | AT7: 0.29 | AU7: 0.76 | AV7: 0.7 | AW7: 0.62 | AX7: 0.914 | AY7: 0.771 | AZ7: 1.8 | BA7: 3640.15 | BB7: 5100.15 | BC7: 2.25 | BD7: 0.71 | BE7: 105 | BF7: 355.8 | BG7: 717 | BH7: 129 | BI7: 7.1e-06 | BJ7: 7.37 | BK7: 443 | BL7: N/A | BM7: N/A | BN7: N/A | BO7: N/A | BP7: 1e-05 | BQ7: 100000 | BR7: 0.0035 | BS7: 1.5e-05 | BT7: 15 | BU7: 2 | BV7: 0.13333333 | BW7: 1 | BX7: 0.00020418362 | BY7: 0.00032937257 | BZ7: 500 | CA7: 500 | CB7: 2.4
A8: N | B8: [He]2s22p3 | C8: 14.00674 | D8: 7 | E8: 2 | F8: 15 | G8: 1 | H8: 3 | I8: 82 | J8: 7 | K8: 2 | L8: 3 | M8: 0 | N8: 0 | O8: 0 | P8: 3 | Q8: 10 | R8: 14 | S8: 5 | T8: 5 | U8: 5 | V8: 3 | W8: 3 | X8: 2.068 | Y8: 1.023 | Z8: 14.5341 | AA8: -0.00072566833 | AB8: 7.3 | AC8: 7.4964 | AD8: 3.04 | AE8: 2.85 | AF8: 7.3 | AG8: 3.04 | AH8: 3.066 | AI8: 3.12 | AJ8: 9.77 | AK8: 2.98 | AL8: 30.5 | AM8: 0.56 | AN8: 0.75 | AO8: 1.32 | AP8: 1.46 | AQ8: 0.72 | AR8: 1.55 | AS8: 0.54 | AT8: 0.3 | AU8: 0.71 | AV8: 0.65 | AW8: 0.521 | AX8: 0.88 | AY8: 0.7 | AZ8: 1.1 | BA8: 63.25 | BB8: 77.35 | BC8: 0.00125 | BD8: 1.04 | BE8: 0.3604 | BF8: 2.7928 | BG8: 473 | BH8: 0.02598 | BI8: N/A | BJ8: 4.92 | BK8: 1.2 | BL8: N/A | BM8: N/A | BN8: N/A | BO8: N/A | BP8: N/A | BQ8: N/A | BR8: 1.91 | BS8: 0.0048 | BT8: 16 | BU8: 2 | BV8: 0.125 | BW8: 1 | BX8: 1.9397443e-05 | BY8: 0.00010207288 | BZ8: 1329 | CA8: 500 | CB8: 0.4
A9: O | B9: [He]2s22p4 | C9: 15.9994 | D9: 8 | E9: 2 | F9: 16 | G9: 1 | H9: 3 | I9: 87 | J9: 7 | K9: 2 | L9: 4 | M9: 0 | N9: 0 | O9: 0 | P9: 2 | Q9: 10 | R9: 14 | S9: 6 | T9: 6 | U9: 6 | V9: 2 | W9: 0 | X9: 2.001 | Y9: 1.058 | Z9: 13.6181 | AA9: 1.461303 | AB9: 7.54 | AC9: 8.7861 | AD9: 3.44 | AE9: 3.32 | AF9: 7.54 | AG9: 3.44 | AH9: 3.61 | AI9: 3.62 | AJ9: 12.41 | AK9: 3.45 | AL9: 48.4 | AM9: 0.48 | AN9: 0.73 | AO9: 1.26 | AP9: 1.4 | AQ9: 0.64 | AR9: 1.52 | AS9: 0.47 | AT9: 1.21 | AU9: 0.66 | AV9: 0.6 | AW9: 0.45 | AX9: N/A | AY9: 0.66 | AZ9: 0.793 | BA9: 54.75 | BB9: 90.15 | BC9: 0.00143 | BD9: 0.92 | BE9: 0.22259 | BF9: 3.4099 | BG9: 249 | BH9: 0.02674 | BI9: N/A | BJ9: 2.62 | BK9: 2.2469487 | BL9: N/A | BM9: N/A | BN9: N/A | BO9: N/A | BP9: N/A | BQ9: N/A | BR9: 0.00028 | BS9: 1e-06 | BT9: 17 | BU9: 3 | BV9: 0.17647059 | BW9: 1 | BX9: 0.47064323 | BY9: 0.00077614525 | BZ9: 500 | CA9: 500 | CB9: 0.3
A10: F | B10: [He]2s22p5 | C10: 18.998403 | D10: 9 | E10: 2 | F10: 17 | G10: 1 | H10: 3 | I10: 93 | J10: 8 | K10: 2 | L10: 5 | M10: 0 | N10: 0 | O10: 0 | P10: 1 | Q10: 10 | R10: 14 | S10: 7 | T10: 7 | U10: 7 | V10: 1 | W10: 0 | X10: 2.263 | Y10: 0.835 | Z10: 17.4228 | AA10: 3.3995707 | AB10: 10.41 | AC10: 10.0378 | AD10: 3.98 | AE10: 3.78 | AF10: 10.41 | AG10: 3.98 | AH10: 4.193 | AI10: 4.23 | AJ10: 15.6 | AK10: 3.95 | AL10: 72.3 | AM10: 0.42 | AN10: 0.71 | AO10: 1.19 | AP10: 1.33 | AQ10: 0.66 | AR10: 1.47 | AS10: 0.41 | AT10: 1.19 | AU10: 0.57 | AV10: 0.5 | AW10: 0.396 | AX10: N/A | AY10: 0.64 | AZ10: 0.634 | BA10: 53.35 | BB10: 85.05 | BC10: 0.0017 | BD10: 0.82 | BE10: 0.2552 | BF10: 3.2698 | BG10: 79 | BH10: 0.0279 | BI10: N/A | BJ10: 0.84 | BK10: 2.2 | BL10: N/A | BM10: N/A | BN10: N/A | BO10: N/A | BP10: N/A | BQ10: N/A | BR10: 0.0096 | BS10: 2e-05 | BT10: 18 | BU10: 1 | BV10: 0.055555556 | BW10: 1 | BX10: 0.00059723708 | BY10: 2.7491195e-08 | BZ10: 1500 | CA10: 1500 | CB10: 190
A11: Ne | B11: [He]2s22p6 | C11: 20.1797 | D11: 10 | E11: 2 | F11: 18 | G11: 1 | H11: 3 | I11: 99 | J11: 9 | K11: 2 | L11: 6 | M11: 0 | N11: 0 | O11: 0 | P11: 0 | Q11: 10 | R11: 14 | S11: 8 | T11: 8 | U11: 8 | V11: N/A | W11: 0 | X11: 2.518 | Y11: 0.84 | Z11: 21.5645 | AA11: -1.2435079 | AB11: N/A | AC11: 11.3003 | AD11: N/A | AE11: N/A | AF11: N/A | AG11: N/A | AH11: 4.789 | AI11: 4.89 | AJ11: 13.37 | AK11: N/A | AL11: 98 | AM11: 0.38 | AN11: 0.69 | AO11: 1.14 | AP11: 1.02 | AQ11: 1.31 | AR11: 1.54 | AS11: 1.67 | AT11: 0.96 | AU11: 0.58 | AV11: 0.38 | AW11: 0.354 | AX11: N/A | AY11: N/A | AZ11: 0.396 | BA11: 24.45 | BB11: 25.15 | BC11: 0.0009 | BD11: 0.904 | BE11: 0.3317 | BF11: 1.7326 | BG11: 0 | BH11: 0.0493 | BI11: N/A | BJ11: 0.02 | BK11: N/A | BL11: N/A | BM11: N/A | BN11: N/A | BO11: N/A | BP11: N/A | BQ11: N/A | BR11: 0.04 | BS11: 0.00059 | BT11: 19 | BU11: 3 | BV11: 0.15789474 | BW11: 1 | BX11: 5.1045904e-09 | BY11: 0.00011218234 | BZ11: N/A | CA11: N/A | CB11: 33
A12: Na | B12: [Ne]3s1 | C12: 22.989768 | D12: 11 | E12: 3 | F12: 1 | G12: 0 | H12: 1 | I12: 2 | J12: 1 | K12: 1 | L12: 0 | M12: 0 | N12: 0 | O12: 1 | P12: 6 | Q12: 10 | R12: 14 | S12: 1 | T12: 1 | U12: 1 | V12: 1 | W12: 1 | X12: 1.842 | Y12: 2.584 | Z12: 5.1391 | AA12: 0.5491377 | AB12: 2.85 | AC12: 2.438 | AD12: 0.93 | AE12: 0.89 | AF12: 2.85 | AG12: 0.93 | AH12: 0.869 | AI12: 0.95 | AJ12: 2.64 | AK12: 0.9 | AL12: 1.08 | AM12: 1.9 | AN12: 1.54 | AO12: 1.16 | AP12: 0.72 | AQ12: 1.8 | AR12: 2.27 | AS12: 2.65 | AT12: 1.16 | AU12: 1.66 | AV12: 1.8 | AW12: 1.713 | AX12: 1.896 | AY12: 1.572 | AZ12: 23.6 | BA12: 370.95 | BB12: 1156.15 | BC12: 0.971 | BD12: 1.23 | BE12: 2.598 | BF12: 96.96 | BG12: 109 | BH12: 141 | BI12: 7e-05 | BJ12: 1.113 | BK12: 6.8 | BL12: 3.3 | BM12: 10 | BN12: N/A | BO12: 0.00069 | BP12: 4.7e-08 | BQ12: 21000000 | BR12: 0.53 | BS12: 0.0007 | BT12: 20 | BU12: 1 | BV12: 0.05 | BW12: 1 | BX12: 2.4093667e-10 | BY12: 1.8718797e-06 | BZ12: 1102 | CA12: 500 | CB12: 7
A13: Mg | B13: [Ne]3s2 | C13: 24.305 | D13: 12 | E13: 3 | F13: 2 | G13: 0 | H13: 1 | I13: 68 | J13: 2 | K13: 2 | L13: 0 | M13: 0 | N13: 0 | O13: 0 | P13: 6 | Q13: 10 | R13: 14 | S13: 2 | T13: 2 | U13: 2 | V13: 2 | W13: 2 | X13: 2.248 | Y13: 0.674 | Z13: 7.6462 | AA13: -0.41442818 | AB13: 3.75 | AC13: 3.6108 | AD13: 1.31 | AE13: 1.31 | AF13: 3.75 | AG13: 1.31 | AH13: 1.293 | AI13: 1.32 | AJ13: 3.93 | AK13: 1.2 | AL13: 2.35 | AM13: 1.45 | AN13: 1.3 | AO13: 0.86 | AP13: 0.54 | AQ13: 1.6 | AR13: 1.73 | AS13: 2.03 | AT13: 0.86 | AU13: 1.41 | AV13: 1.5 | AW13: 1.279 | AX13: 1.598 | AY13: 1.364 | AZ13: 10.6 | BA13: 922.15 | BB13: 1363.15 | BC13: 1.74 | BD13: 1.02 | BE13: 8.954 | BF13: 127.4 | BG13: 148 | BH13: 156 | BI13: 2.48e-05 | BJ13: 1.51 | BK13: 35.6 | BL13: 17 | BM13: 45 | BN13: N/A | BO13: 0.26 | BP13: 4.4e-08 | BQ13: 23000000 | BR13: 0.063 | BS13: 0.0001 | BT13: 22 | BU13: 3 | BV13: 0.13636364 | BW13: 1 | BX13: 0.023787391 | BY13: 3.502437e-05 | BZ13: 5259 | CA13: 500 | CB13: 3.7
A14: Al | B14: [Ne]3s23p1 | C14: 26.981539 | D14: 13 | E14: 3 | F14: 13 | G14: 1 | H14: 1 | I14: 73 | J14: 5 | K14: 2 | L14: 1 | M14: 0 | N14: 0 | O14: 0 | P14: 5 | Q14: 10 | R14: 14 | S14: 3 | T14: 3 | U14: 3 | V14: 3 | W14: 3 | X14: 1.989 | Y14: 0.761 | Z14: 5.9858 | AA14: 0.43495433 | AB14: 3.23 | AC14: 4.6393 | AD14: 1.61 | AE14: 1.64 | AF14: 3.23 | AG14: 1.61 | AH14: 1.613 | AI14: 1.55 | AJ14: 5.89 | AK14: 1.5 | AL14: 4.35 | AM14: 1.18 | AN14: 1.18 | AO14: 0.68 | AP14: 0.4 | AQ14: 1.41 | AR14: 1.84 | AS14: 1.68 | AT14: 0.53 | AU14: 1.21 | AV14: 1.25 | AW14: 1.312 | AX14: 1.429 | AY14: 1.248 | AZ14: 8.3 | BA14: 933.15 | BB14: 2740.15 | BC14: 2.7 | BD14: 0.9 | BE14: 10.79 | BF14: 293.4 | BG14: 326 | BH14: 237 | BI14: 2.31e-05 | BJ14: 3.39 | BK14: 75.2 | BL14: 26 | BM14: 70 | BN14: 0.167 | BO14: 0.245 | BP14: 2.6e-08 | BQ14: 38000000 | BR14: 0.233 | BS14: 0.03 | BT14: 22 | BU14: 1 | BV14: 0.045454545 | BW14: 1 | BX14: 0.084021558 | BY14: 2.7686862e-06 | BZ14: 1569 | CA14: 1000 | CB14: 1.8
A15: Si | B15: [Ne]3s23p2 | C15: 28.0855 | D15: 14 | E15: 3 | F15: 14 | G15: 1 | H15: 3 | I15: 78 | J15: 6 | K15: 2 | L15: 2 | M15: 0 | N15: 0 | O15: 0 | P15: 4 | Q15: 10 | R15: 14 | S15: 4 | T15: 4 | U15: 4 | V15: 4 | W15: 4 | X15: 2.321 | Y15: 0.652 | Z15: 8.1517 | AA15: 1.3879642 | AB15: 4.77 | AC15: 5.5236 | AD15: 1.9 | AE15: 1.98 | AF15: 4.77 | AG15: 1.9 | AH15: 1.916 | AI15: 1.87 | AJ15: 6.8 | AK15: 1.8 | AL15: 7.26 | AM15: 1.11 | AN15: 1.11 | AO15: 0.54 | AP15: 0.44 | AQ15: 1.1 | AR15: 2.1 | AS15: 1.42 | AT15: 0.4 | AU15: 0.11 | AV15: 1.1 | AW15: 1.068 | AX15: 1.316 | AY15: 1.173 | AZ15: 5.4 | BA15: 1683.15 | BB15: 2628.15 | BC15: 2.33 | BD15: 0.71 | BE15: 50.55 | BF15: 384.22 | BG15: 452 | BH15: 148 | BI15: 2.6e-06 | BJ15: 4.63 | BK15: 98 | BL15: 60 | BM15: 47 | BN15: 9.6301303 | BO15: 2.3 | BP15: 0.001 | BQ15: 1000 | BR15: 0.166 | BS15: 0.0002 | BT15: 23 | BU15: 3 | BV15: 0.13043478 | BW15: 1 | BX15: 0.2878989 | BY15: 3.2611145e-05 | BZ15: 4708 | CA15: 1000 | CB15: 5.4
A16: P | B16: [Ne]3s23p3 | C16: 30.973762 | D16: 15 | E16: 3 | F16: 15 | G16: 1 | H16: 3 | I16: 83 | J16: 7 | K16: 2 | L16: 3 | M16: 0 | N16: 0 | O16: 0 | P16: 3 | Q16: 10 | R16: 14 | S16: 5 | T16: 5 | U16: 5 | V16: 3 | W16: 3 | X16: 3.412 | Y16: 5.752 | Z16: 10.4867 | AA16: 0.74608933 | AB16: 5.62 | AC16: 6.3405 | AD16: 2.19 | AE16: 2.32 | AF16: 5.62 | AG16: 2.19 | AH16: 2.253 | AI16: 2.22 | AJ16: 8.33 | AK16: 2.1 | AL16: 11.2 | AM16: 0.98 | AN16: 1.06 | AO16: 0.58 | AP16: 1.84 | AQ16: 1.02 | AR16: 1.8 | AS16: 1.24 | AT16: 0.31 | AU16: 1.07 | AV16: 1 | AW16: 0.919 | AX16: 1.28 | AY16: 1.1 | AZ16: 3.6 | BA16: 317.25 | BB16: 553.15 | BC16: 1.82 | BD16: 0.77 | BE16: 0.657 | BF16: 12.129 | BG16: 315 | BH16: 0.235 | BI16: N/A | BJ16: 3.43 | BK16: 30.4 | BL16: N/A | BM16: N/A | BN16: N/A | BO16: N/A | BP16: 1e-07 | BQ16: 10000000 | BR16: 0.18 | BS16: 0.0002 | BT16: 23 | BU16: 1 | BV16: 0.043478261 | BW16: 1 | BX16: 0.001071964 | BY16: 3.3915591e-07 | BZ16: 1951 | CA16: 5063 | CB16: 4
A17: S | B17: [Ne]3s23p4 | C17: 32.066 | D17: 16 | E17: 3 | F17: 16 | G17: 1 | H17: 3 | I17: 88 | J17: 7 | K17: 2 | L17: 4 | M17: 0 | N17: 0 | O17: 0 | P17: 2 | Q17: 10 | R17: 14 | S17: 6 | T17: 6 | U17: 6 | V17: 2 | W17: 2 | X17: 2.617 | Y17: 5.787 | Z17: 10.36 | AA17: 2.072 | AB17: 6.22 | AC17: 6.8379 | AD17: 2.58 | AE17: 2.65 | AF17: 6.22 | AG17: 2.58 | AH17: 2.589 | AI17: 2.49 | AJ17: 11.88 | AK17: 2.53 | AL17: 16.4 | AM17: 0.88 | AN17: 1.02 | AO17: 1.7 | AP17: 1.81 | AQ17: 1.03 | AR17: 1.8 | AS17: 1.1 | AT17: 0.43 | AU17: 1.05 | AV17: 1 | AW17: 0.81 | AX17: 1.27 | AY17: 1.04 | AZ17: 2.9 | BA17: 385.95 | BB17: 717.85 | BC17: 2.07 | BD17: 0.71 | BE17: 1.7175 | BF17: 9.8 | BG17: 279 | BH17: 0.269 | BI17: N/A | BJ17: 2.85 | BK17: 7.7 | BL17: N/A | BM17: N/A | BN17: N/A | BO17: N/A | BP17: 1e+15 | BQ17: 1e-15 | BR17: 0.52 | BS17: 0.00055 | BT17: 24 | BU17: 4 | BV17: 0.16666667 | BW17: 1 | BX17: 0.00035732133 | BY17: 1.679474e-05 | BZ17: 737 | CA17: 1000 | CB17: 24
A18: Cl | B18: [Ne]3s23p5 | C18: 35.4527 | D18: 17 | E18: 3 | F18: 17 | G18: 1 | H18: 3 | I18: 94 | J18: 8 | K18: 2 | L18: 5 | M18: 0 | N18: 0 | O18: 0 | P18: 1 | Q18: 10 | R18: 14 | S18: 7 | T18: 7 | U18: 7 | V18: 1 | W18: 0 | X18: 2.928 | Y18: 0.517 | Z18: 12.9676 | AA18: 3.6176598 | AB18: 8.3 | AC18: 7.2923 | AD18: 3.16 | AE18: 2.98 | AF18: 8.3 | AG18: 3.16 | AH18: 2.869 | AI18: 2.82 | AJ18: 14.06 | AK18: 2.97 | AL18: 23 | AM18: 0.79 | AN18: 0.99 | AO18: 1.67 | AP18: 1.38 | AQ18: 1.05 | AR18: 1.75 | AS18: 1.01 | AT18: 1.67 | AU18: 1.02 | AV18: 1 | AW18: 0.725 | AX18: N/A | AY18: 0.994 | AZ18: 2.2 | BA18: 172.15 | BB18: 238.55 | BC18: 0.00321 | BD18: 0.48 | BE18: 3.23 | BF18: 10.2 | BG18: 121 | BH18: 0.0089 | BI18: N/A | BJ18: 1.4 | BK18: 1.1 | BL18: N/A | BM18: N/A | BN18: N/A | BO18: N/A | BP18: 100 | BQ18: 0.01 | BR18: 35.3 | BS18: 0.033 | BT18: 24 | BU18: 2 | BV18: 0.083333333 | BW18: 1 | BX18: 0.00014803312 | BY18: 1.708824e-07 | BZ18: 1500 | CA18: 1500 | CB18: 0.15
A19: Ar | B19: [Ne]3s23p6 | C19: 39.948 | D19: 18 | E19: 3 | F19: 18 | G19: 1 | H19: 3 | I19: 100 | J19: 9 | K19: 2 | L19: 6 | M19: 0 | N19: 0 | O19: 0 | P19: 0 | Q19: 10 | R19: 14 | S19: 8 | T19: 8 | U19: 8 | V19: N/A | W19: 0 | X19: 3.228 | Y19: 0.469 | Z19: 15.7596 | AA19: -0.99468876 | AB19: N/A | AC19: 7.6515 | AD19: N/A | AE19: N/A | AF19: N/A | AG19: N/A | AH19: 3.242 | AI19: 3.18 | AJ19: 12.55 | AK19: N/A | AL19: 31.2 | AM19: 0.71 | AN19: 0.97 | AO19: 1.88 | AP19: 1.3 | AQ19: 1.75 | AR19: 1.88 | AS19: 2.57 | AT19: 1.88 | AU19: 1.06 | AV19: 0.71 | AW19: 0.659 | AX19: N/A | AY19: N/A | AZ19: 1.586 | BA19: 83.95 | BB19: 87.45 | BC19: 0.00178 | BD19: 0.52 | BE19: 1.188 | BF19: 6.447 | BG19: 0 | BH19: 0.01772 | BI19: N/A | BJ19: 0.08 | BK19: N/A | BL19: N/A | BM19: N/A | BN19: N/A | BO19: N/A | BP19: N/A | BQ19: N/A | BR19: 0.66 | BS19: 0.00059 | BT19: 24 | BU19: 3 | BV19: 0.125 | BW19: 1 | BX19: 3.5732133e-06 | BY19: 3.2937257e-06 | BZ19: N/A | CA19: N/A | CB19: 0.5
A20: K | B20: [Ar]4s1 | C20: 39.0983 | D20: 19 | E20: 4 | F20: 1 | G20: 0 | H20: 1 | I20: 3 | J20: 1 | K20: 1 | L20: 0 | M20: 0 | N20: 0 | O20: 1 | P20: 6 | Q20: 10 | R20: 14 | S20: 1 | T20: 1 | U20: 1 | V20: 1 | W20: 1 | X20: 1.694 | Y20: 0.894 | Z20: 4.3407 | AA20: 0.49726396 | AB20: 2.42 | AC20: 2.0027 | AD20: 0.82 | AE20: 0.8 | AF20: 2.42 | AG20: 0.82 | AH20: 0.734 | AI20: 0.84 | AJ20: 2.48 | AK20: 0.8 | AL20: 0.467 | AM20: 2.43 | AN20: 1.96 | AO20: 1.52 | AP20: 1.38 | AQ20: 2.3 | AR20: 2.75 | AS20: 3.69 | AT20: 1.52 | AU20: 2.03 | AV20: 2.2 | AW20: 2.162 | AX20: 2.349 | AY20: 2.025 | AZ20: 43.4 | BA20: 336.4 | BB20: 1033.15 | BC20: 0.86 | BD20: 0.75 | BE20: 2.334 | BF20: 79.87 | BG20: 90 | BH20: 102.4 | BI20: 8.3e-05 | BJ20: 0.934 | BK20: 3.2 | BL20: 1.3 | BM20: 3.53 | BN20: N/A | BO20: 0.000363 | BP20: 7e-08 | BQ20: 14000000 | BR20: 2.1 | BS20: 0.0018 | BT20: 24 | BU20: 2 | BV20: 0.083333333 | BW20: 0.999883 | BX20: 0.021337188 | BY20: 1.2294402e-07 | BZ20: 1738 | CA20: 7201 | CB20: 85
A21: Ca | B21: [Ar]4s2 | C21: 40.078 | D21: 20 | E21: 4 | F21: 2 | G21: 0 | H21: 1 | I21: 7 | J21: 2 | K21: 2 | L21: 0 | M21: 0 | N21: 0 | O21: 0 | P21: 6 | Q21: 10 | R21: 14 | S21: 2 | T21: 2 | U21: 2 | V21: 2 | W21: 2 | X21: 2.68 | Y21: 1.004 | Z21: 6.1132 | AA21: 0.020722712 | AB21: 2.2 | AC21: 2.6965 | AD21: 1 | AE21: 1.17 | AF21: 2.2 | AG21: 1 | AH21: 1.034 | AI21: 1.11 | AJ21: 2.19 | AK21: 1 | AL21: 1.02 | AM21: 1.94 | AN21: 1.74 | AO21: 1.14 | AP21: 1 | AQ21: 2.01 | AR21: 2.31 | AS21: 3 | AT21: 1.14 | AU21: 1.76 | AV21: 1.8 | AW21: 1.69 | AX21: 1.97 | AY21: 1.736 | AZ21: 22.8 | BA21: 1112.15 | BB21: 1757.15 | BC21: 1.55 | BD21: 0.63 | BE21: 8.54 | BF21: 153.3 | BG21: 178 | BH21: 200 | BI21: 2.23e-05 | BJ21: 1.84 | BK21: 17.2 | BL21: 7.4 | BM21: 20 | BN21: N/A | BO21: 0.167 | BP21: 3.4e-08 | BQ21: 29000000 | BR21: 0.43 | BS21: 0.00037 | BT21: 24 | BU21: 5 | BV21: 0.20833333 | BW21: 0.99813 | BX21: 0.0423681 | BY21: 1.992541e-06 | BZ21: 3860 | CA21: 1500 | CB21: 11
A22: Sc | B22: [Ar]4s23d1 | C22: 44.95591 | D22: 21 | E22: 4 | F22: 3 | G22: 2 | H22: 1 | I22: 11 | J22: 3 | K22: 2 | L22: 0 | M22: 1 | N22: 0 | O22: 0 | P22: 6 | Q22: 9 | R22: 14 | S22: 3 | T22: 2 | U22: 1 | V22: 3 | W22: 3 | X22: 2.777 | Y22: 0.969 | Z22: 6.5615 | AA22: 0.18658294 | AB22: 3.34 | AC22: 2.8571 | AD22: 1.36 | AE22: 1.5 | AF22: 3.34 | AG22: 1.36 | AH22: 1.19 | AI22: 1.17 | AJ22: 1.83 | AK22: 1.3 | AL22: 1.18 | AM22: 1.84 | AN22: 1.44 | AO22: 0.89 | AP22: 0.75 | AQ22: 1.62 | AR22: 2.3 | AS22: 2.75 | AT22: 0.89 | AU22: 1.7 | AV22: 1.6 | AW22: 1.57 | AX22: 1.62 | AY22: 1.439 | AZ22: 17.8 | BA22: 1814.15 | BB22: 3105.15 | BC22: 2.99 | BD22: 0.6 | BE22: 14.1 | BF22: 314.2 | BG22: 378 | BH22: 15.8 | BI22: 1.02e-05 | BJ22: 3.9 | BK22: 56.6 | BL22: 29 | BM22: 74 | BN22: N/A | BO22: 0.75 | BP22: 5.5e-07 | BQ22: 1800000 | BR22: 27.2 | BS22: 0.025 | BT22: 25 | BU22: 1 | BV22: 0.04 | BW22: 1 | BX22: 2.2460198e-05 | BY22: 1.1153012e-09 | BZ22: 5500 | CA22: 4500 | CB22: 1400
A23: Ti | B23: [Ar]4s23d2 | C23: 47.867 | D23: 22 | E23: 4 | F23: 4 | G23: 2 | H23: 1 | I23: 43 | J23: 4 | K23: 2 | L23: 0 | M23: 2 | N23: 0 | O23: 0 | P23: 6 | Q23: 8 | R23: 14 | S23: 4 | T23: 2 | U23: 2 | V23: 4 | W23: 4 | X23: 2.833 | Y23: 0.95 | Z23: 6.8281 | AA23: 0.08289044 | AB23: 3.45 | AC23: 3.004 | AD23: 1.54 | AE23: 1.86 | AF23: 3.45 | AG23: 1.54 | AH23: 1.38 | AI23: 1.23 | AJ23: 2.28 | AK23: 1.6 | AL23: 1.37 | AM23: 1.76 | AN23: 1.36 | AO23: 1 | AP23: 0.86 | AQ23: 1.42 | AR23: 2.15 | AS23: 2.58 | AT23: 0.75 | AU23: 1.6 | AV23: 1.4 | AW23: 1.477 | AX23: 1.467 | AY23: 1.324 | AZ23: 14.6 | BA23: 1933.15 | BB23: 3560.15 | BC23: 4.54 | BD23: 0.52 | BE23: 15.45 | BF23: 421 | BG23: 470 | BH23: 21.9 | BI23: 8.6e-06 | BJ23: 4.85 | BK23: 108 | BL23: 44 | BM23: 116 | BN23: 0.97 | BO23: 0.715 | BP23: 4e-07 | BQ23: 2500000 | BR23: 6.1 | BS23: 0.0044 | BT23: 26 | BU23: 5 | BV23: 0.19230769 | BW23: 1 | BX23: 0.0057681871 | BY23: 7.8266748e-08 | BZ23: 1119 | CA23: 1552 | CB23: 6.1
A24: V | B24: [Ar]4s23d3 | C24: 50.9415 | D24: 23 | E24: 4 | F24: 5 | G24: 2 | H24: 1 | I24: 46 | J24: 4 | K24: 2 | L24: 0 | M24: 3 | N24: 0 | O24: 0 | P24: 6 | Q24: 7 | R24: 14 | S24: 5 | T24: 2 | U24: 3 | V24: 5 | W24: 5 | X24: 2.816 | Y24: 0.956 | Z24: 6.7462 | AA24: 0.52850415 | AB24: 3.6 | AC24: 3.1482 | AD24: 1.63 | AE24: 2.22 | AF24: 3.6 | AG24: 1.63 | AH24: 1.53 | AI24: 1.27 | AJ24: 2.42 | AK24: 1.9 | AL24: 1.58 | AM24: 1.71 | AN24: 1.25 | AO24: 0.93 | AP24: 0.79 | AQ24: 1.34 | AR24: 2.05 | AS24: 2.43 | AT24: 0.68 | AU24: 1.53 | AV24: 1.35 | AW24: 1.401 | AX24: 1.338 | AY24: 1.224 | AZ24: 12.4 | BA24: 2163.15 | BB24: 3653.15 | BC24: 6.11 | BD24: 0.49 | BE24: 20.9 | BF24: 453 | BG24: 514 | BH24: 30.7 | BI24: 8.4e-06 | BJ24: 5.31 | BK24: 158 | BL24: 47 | BM24: 128 | BN24: 0.628 | BO24: 0.628 | BP24: 2e-07 | BQ24: 5000000 | BR24: 5.06 | BS24: 0.0033 | BT24: 26 | BU24: 1 | BV24: 0.038461538 | BW24: 0.9975 | BX24: 0.00012251017 | BY24: 9.5550655e-09 | BZ24: 3266 | CA24: 3397 | CB24: 220
A25: Cr | B25: [Ar]4s13d5 | C25: 51.9961 | D25: 24 | E25: 4 | F25: 6 | G25: 2 | H25: 1 | I25: 49 | J25: 4 | K25: 1 | L25: 0 | M25: 5 | N25: 0 | O25: 1 | P25: 6 | Q25: 5 | R25: 14 | S25: 6 | T25: 1 | U25: 4 | V25: 2.9 | W25: 5.78 | X25: 2.82 | Y25: 0.955 | Z25: 6.7665 | AA25: 0.67354135 | AB25: 3.72 | AC25: 3.2951 | AD25: 1.66 | AE25: 2 | AF25: 3.72 | AG25: 1.66 | AH25: 1.65 | AI25: 1.29 | AJ25: 2.72 | AK25: 2.2 | AL25: 1.8 | AM25: 1.66 | AN25: 1.27 | AO25: 0.87 | AP25: 0.8 | AQ25: 1.3 | AR25: 2 | AS25: 2.44 | AT25: 0.76 | AU25: 1.39 | AV25: 1.4 | AW25: 1.453 | AX25: 1.357 | AY25: 1.172 | AZ25: 11.6 | BA25: 2130.15 | BB25: 2945.15 | BC25: 7.19 | BD25: 0.45 | BE25: 16.9 | BF25: 344.3 | BG25: 397 | BH25: 93.7 | BI25: 4.9e-06 | BJ25: 4.1 | BK25: 160 | BL25: 115 | BM25: 279 | BN25: 1.06 | BO25: 1.12 | BP25: 1.3e-07 | BQ25: 7900000 | BR25: 3.1 | BS25: 0.0021 | BT25: 26 | BU25: 4 | BV25: 0.15384615 | BW25: 1 | BX25: 0.00010413364 | BY25: 4.4025046e-07 | BZ25: 3103 | CA25: 4053 | CB25: 10
A26: Mn | B26: [Ar]4s23d5 | C26: 54.93805 | D26: 25 | E26: 4 | F26: 7 | G26: 2 | H26: 1 | I26: 52 | J26: 4 | K26: 2 | L26: 0 | M26: 5 | N26: 0 | O26: 0 | P26: 6 | Q26: 5 | R26: 14 | S26: 7 | T26: 2 | U26: 5 | V26: 4.16 | W26: 5.78 | X26: 2.956 | Y26: 0.911 | Z26: 7.434 | AA26: -0.51841004 | AB26: 3.72 | AC26: 3.4349 | AD26: 1.55 | AE26: 2.04 | AF26: 3.72 | AG26: 1.55 | AH26: 1.75 | AI26: 1.36 | AJ26: 2.01 | AK26: 2.6 | AL26: 2.05 | AM26: 1.61 | AN26: 1.39 | AO26: 0.81 | AP26: 0.83 | AQ26: 1.32 | AR26: 1.96 | AS26: 2.22 | AT26: 0.81 | AU26: 1.32 | AV26: 1.4 | AW26: 1.278 | AX26: 1.306 | AY26: 1.168 | AZ26: 9.4 | BA26: 1517.15 | BB26: 2235.15 | BC26: 7.43 | BD26: 0.48 | BE26: 12.05 | BF26: 226 | BG26: 281 | BH26: 7.82 | BI26: 2.17e-05 | BJ26: 2.92 | BK26: 92.6 | BL26: 76.4 | BM26: 198 | BN26: N/A | BO26: 0.196 | BP26: 1.6e-06 | BQ26: 620000 | BR26: 13.3 | BS26: 0.0083 | BT26: 26 | BU26: 1 | BV26: 0.038461538 | BW26: 1 | BX26: 0.00096987217 | BY26: 3.1143644e-07 | BZ26: 1593 | CA26: 1790 | CB26: 1.7
A27: Fe | B27: [Ar]4s23d6 | C27: 55.847 | D27: 26 | E27: 4 | F27: 8 | G27: 2 | H27: 1 | I27: 55 | J27: 4 | K27: 2 | L27: 0 | M27: 6 | N27: 0 | O27: 0 | P27: 6 | Q27: 4 | R27: 14 | S27: 8 | T27: 2 | U27: 5 | V27: 5.78 | W27: 5.78 | X27: 3.0478 | Y27: 2.777 | Z27: 7.9024 | AA27: 0.15555906 | AB27: 4.06 | AC27: 3.5836 | AD27: 1.83 | AE27: 1.67 | AF27: 4.06 | AG27: 1.83 | AH27: 1.8 | AI27: 1.4 | AJ27: 3.9 | AK27: 2.76 | AL27: 2.31 | AM27: 1.56 | AN27: 1.25 | AO27: 0.75 | AP27: 0.78 | AQ27: 1.25 | AR27: 1.59 | AS27: 2.11 | AT27: 0.69 | AU27: 1.32 | AV27: 1.4 | AW27: 1.227 | AX27: 1.26 | AY27: 1.165 | AZ27: 8.4 | BA27: 1808.15 | BB27: 3023.15 | BC27: 7.86 | BD27: 0.44 | BE27: 13.8 | BF27: 349.6 | BG27: 418 | BH27: 80.2 | BI27: 1.18e-05 | BJ27: 4.28 | BK27: 166 | BL27: 82 | BM27: 211 | BN27: 0.608 | BO27: 0.49 | BP27: 9.7e-08 | BQ27: 10000000 | BR27: 2.56 | BS27: 0.0015 | BT27: 28 | BU27: 4 | BV27: 0.14285714 | BW27: 1 | BX27: 0.057477688 | BY27: 2.9350031e-05 | BZ27: 2424 | CA27: 1373 | CB27: 6.7
A28: Co | B28: [Ar]4s23d7 | C28: 58.9332 | D28: 27 | E28: 4 | F28: 9 | G28: 2 | H28: 1 | I28: 58 | J28: 4 | K28: 2 | L28: 0 | M28: 7 | N28: 0 | O28: 0 | P28: 6 | Q28: 3 | R28: 14 | S28: 9 | T28: 2 | U28: 4 | V28: 5.78 | W28: 5.78 | X28: 3.046 | Y28: 0.885 | Z28: 7.881 | AA28: 0.66366316 | AB28: 4.3 | AC28: 3.7305 | AD28: 1.88 | AE28: 1.72 | AF28: 4.3 | AG28: 1.88 | AH28: 1.84 | AI28: 1.44 | AJ28: 3.03 | AK28: 3.13 | AL28: 2.6 | AM28: 1.52 | AN28: 1.26 | AO28: 0.79 | AP28: 0.75 | AQ28: 1.25 | AR28: 2 | AS28: 2.02 | AT28: 0.54 | AU28: 1.26 | AV28: 1.35 | AW28: 1.181 | AX28: 1.252 | AY28: 1.157 | AZ28: 7.5 | BA28: 1768.15 | BB28: 3143.15 | BC28: 8.9 | BD28: 0.42 | BE28: 16.19 | BF28: 376.5 | BG28: 425 | BH28: 100 | BI28: 1.3e-05 | BJ28: 4.39 | BK28: 182 | BL28: 76 | BM28: 209 | BN28: 1.043 | BO28: 0.7 | BP28: 6e-08 | BQ28: 17000000 | BR28: 37.2 | BS28: 0.021 | BT28: 29 | BU28: 1 | BV28: 0.034482759 | BW28: 1 | BX28: 2.5522952e-05 | BY28: 7.3375077e-08 | BZ28: 3052 | CA28: 2655 | CB28: 21
A29: Ni | B29: [Ar]4s23d8 | C29: 58.6934 | D29: 28 | E29: 4 | F29: 10 | G29: 2 | H29: 1 | I29: 61 | J29: 4 | K29: 2 | L29: 0 | M29: 8 | N29: 0 | O29: 0 | P29: 6 | Q29: 2 | R29: 14 | S29: 10 | T29: 2 | U29: 3 | V29: 5.78 | W29: 5.78 | X29: 2.996 | Y29: 0.898 | Z29: 7.6398 | AA29: 1.1610008 | AB29: 4.4 | AC29: 3.8584 | AD29: 1.91 | AE29: 1.76 | AF29: 4.4 | AG29: 1.91 | AH29: 1.88 | AI29: 1.47 | AJ29: 3.48 | AK29: 3.33 | AL29: 2.92 | AM29: 1.49 | AN29: 1.21 | AO29: 0.74 | AP29: 0.6 | AQ29: 1.28 | AR29: 1.63 | AS29: 2.18 | AT29: 0.7 | AU29: 1.24 | AV29: 1.35 | AW29: 1.139 | AX29: 1.244 | AY29: 1.149 | AZ29: 6.8 | BA29: 1726.15 | BB29: 3003.15 | BC29: 8.9 | BD29: 0.44 | BE29: 17.47 | BF29: 370.4 | BG29: 430 | BH29: 90.7 | BI29: 1.34e-05 | BJ29: 4.44 | BK29: 177 | BL29: 76 | BM29: 200 | BN29: 0.638 | BO29: 0.7 | BP29: 7e-08 | BQ29: 14000000 | BR29: 4.5 | BS29: 0.0026 | BT29: 31 | BU29: 5 | BV29: 0.16129032 | BW29: 1 | BX29: 8.5757119e-05 | BY29: 1.6077295e-06 | BZ29: 988 | CA29: 1479 | CB29: 7.7
A30: Cu | B30: [Ar]4s13d10 | C30: 63.546 | D30: 29 | E30: 4 | F30: 11 | G30: 2 | H30: 1 | I30: 64 | J30: 4 | K30: 1 | L30: 0 | M30: 10 | N30: 0 | O30: 1 | P30: 6 | Q30: 0 | R30: 14 | S30: 11 | T30: 1 | U30: 2 | V30: 5.44 | W30: 5.44 | X30: 3.013 | Y30: 0.893 | Z30: 7.7264 | AA30: 1.2341498 | AB30: 4.48 | AC30: 4.0026 | AD30: 1.9 | AE30: 1.08 | AF30: 4.48 | AG30: 1.9 | AH30: 1.85 | AI30: 1.51 | AJ30: 2.91 | AK30: 2.2 | AL30: 3.25 | AM30: 1.45 | AN30: 1.38 | AO30: 0.87 | AP30: 0.77 | AQ30: 1.27 | AR30: 1.4 | AS30: 2.04 | AT30: 0.71 | AU30: 1.32 | AV30: 1.35 | AW30: 1.191 | AX30: 1.276 | AY30: 1.173 | AZ30: 6.7 | BA30: 1356.15 | BB30: 2840.15 | BC30: 8.96 | BD30: 0.38 | BE30: 13.05 | BF30: 300.3 | BG30: 338 | BH30: 401 | BI30: 1.65e-05 | BJ30: 3.49 | BK30: 138 | BL30: 48 | BM30: 130 | BN30: 0.369 | BO30: 0.874 | BP30: 1.7e-08 | BQ30: 59000000 | BR30: 3.78 | BS30: 0.0021 | BT30: 29 | BU30: 2 | BV30: 0.068965517 | BW30: 1 | BX30: 6.1255085e-05 | BY30: 1.7023018e-08 | BZ30: 1576 | CA30: 1524 | CB30: 2.7
A31: Zn | B31: [Ar]4s23d10 | C31: 65.38 | D31: 30 | E31: 4 | F31: 12 | G31: 2 | H31: 1 | I31: 69 | J31: 4 | K31: 2 | L31: 0 | M31: 10 | N31: 0 | O31: 0 | P31: 6 | Q31: 0 | R31: 14 | S31: 12 | T31: 2 | U31: 1 | V31: 4.44 | W31: 4.44 | X31: 3.322 | Y31: 0.81 | Z31: 9.3942 | AA31: -0.62213245 | AB31: 4.45 | AC31: 4.1332 | AD31: 1.65 | AE31: 1.44 | AF31: 4.45 | AG31: 1.65 | AH31: 1.59 | AI31: 1.46 | AJ31: 3.13 | AK31: 1.2 | AL31: 3.61 | AM31: 1.42 | AN31: 1.31 | AO31: 0.88 | AP31: 0.74 | AQ31: 1.4 | AR31: 1.39 | AS31: 1.88 | AT31: 0.74 | AU31: 1.22 | AV31: 1.35 | AW31: 1.065 | AX31: 1.379 | AY31: 1.249 | AZ31: 6.4 | BA31: 692.75 | BB31: 1179.15 | BC31: 7.13 | BD31: 0.39 | BE31: 7.322 | BF31: 115.3 | BG31: 131 | BH31: 116 | BI31: 3.02e-05 | BJ31: 1.35 | BK31: 69.4 | BL31: 43 | BM31: 108 | BN31: 8.012033 | BO31: 0.412 | BP31: 5.9e-08 | BQ31: 17000000 | BR31: 1.1 | BS31: 0.00055 | BT31: 30 | BU31: 5 | BV31: 0.16666667 | BW31: 1 | BX31: 7.1464265e-05 | BY31: 4.1090043e-08 | BZ31: 1574 | CA31: 1895 | CB31: 3.7
A32: Ga | B32: [Ar]4s23d104p1 | C32: 69.723 | D32: 31 | E32: 4 | F32: 13 | G32: 1 | H32: 1 | I32: 74 | J32: 5 | K32: 2 | L32: 1 | M32: 10 | N32: 0 | O32: 0 | P32: 5 | Q32: 0 | R32: 14 | S32: 13 | T32: 3 | U32: 3 | V32: 3.44 | W32: 3.44 | X32: 2.655 | Y32: 1.014 | Z32: 5.9993 | AA32: 0.4248209 | AB32: 3.2 | AC32: 4.6638 | AD32: 1.81 | AE32: 1.7 | AF32: 3.2 | AG32: 1.81 | AH32: 1.756 | AI32: 1.56 | AJ32: 3.3 | AK32: 1.4 | AL32: 5.49 | AM32: 1.36 | AN32: 1.26 | AO32: 0.76 | AP32: 0.62 | AQ32: 1.34 | AR32: 1.87 | AS32: 1.7 | AT32: 0.76 | AU32: 1.22 | AV32: 1.3 | AW32: 1.254 | AX32: 1.408 | AY32: 1.245 | AZ32: 8.1 | BA32: 302.95 | BB32: 2676.15 | BC32: 5.9 | BD32: 0.37 | BE32: 5.59 | BF32: 258.7 | BG32: 286 | BH32: 40.6 | BI32: 1.2e-06 | BJ32: 2.81 | BK32: 56.9 | BL32: N/A | BM32: N/A | BN32: N/A | BO32: 0.06 | BP32: 1.4e-07 | BQ32: 7100000 | BR32: 2.9 | BS32: 0.0015 | BT32: 31 | BU32: 2 | BV32: 0.064516129 | BW32: 1 | BX32: 1.9397443e-05 | BY32: 1.2327013e-09 | BZ32: 5500 | CA32: 1895 | CB32: 220
A33: Ge | B33: [Ar]4s23d104p2 | C33: 72.63 | D33: 32 | E33: 4 | F33: 14 | G33: 1 | H33: 2 | I33: 79 | J33: 6 | K33: 2 | L33: 2 | M33: 10 | N33: 0 | O33: 0 | P33: 4 | Q33: 0 | R33: 14 | S33: 14 | T33: 4 | U33: 4 | V33: 4 | W33: 4 | X33: 3.046 | Y33: 0.884 | Z33: 7.8994 | AA33: 1.2336333 | AB33: 4.6 | AC33: 5.1318 | AD33: 2.01 | AE33: 1.99 | AF33: 4.6 | AG33: 2.01 | AH33: 1.994 | AI33: 1.81 | AJ33: 4.24 | AK33: 1.7 | AL33: 7.92 | AM33: 1.25 | AN33: 1.22 | AO33: 0.87 | AP33: 0.73 | AQ33: 1.14 | AR33: 2.11 | AS33: 1.56 | AT33: 0.53 | AU33: 1.2 | AV33: 1.25 | AW33: 1.09 | AX33: 1.366 | AY33: 1.223 | AZ33: 6.1 | BA33: 1220.55 | BB33: 3103.15 | BC33: 5.32 | BD33: 0.32 | BE33: 36.94 | BF33: 330.9 | BG33: 377 | BH33: 59.9 | BI33: 6e-06 | BJ33: 3.85 | BK33: 77.2 | BL33: N/A | BM33: N/A | BN33: N/A | BO33: 7.2734025 | BP33: 0.0005 | BQ33: 2000 | BR33: 2.2 | BS33: 0.0011 | BT33: 32 | BU33: 4 | BV33: 0.125 | BW33: 0.9239 | BX33: 1.5313771e-06 | BY33: 3.8807263e-09 | BZ33: 5267 | CA33: 1895 | CB33: 360
A34: As | B34: [Ar]4s23d104p3 | C34: 74.92159 | D34: 33 | E34: 4 | F34: 15 | G34: 1 | H34: 2 | I34: 84 | J34: 6 | K34: 2 | L34: 3 | M34: 10 | N34: 0 | O34: 0 | P34: 3 | Q34: 0 | R34: 14 | S34: 15 | T34: 5 | U34: 5 | V34: 3 | W34: 3 | X34: 3.396 | Y34: 0.884 | Z34: 9.7886 | AA34: 0.80624161 | AB34: 5.3 | AC34: 5.5372 | AD34: 2.18 | AE34: 2.27 | AF34: 5.3 | AG34: 2.18 | AH34: 2.211 | AI34: 2.11 | AJ34: 4.94 | AK34: 2 | AL34: 11.1 | AM34: 1.14 | AN34: 1.19 | AO34: 0.72 | AP34: 0.58 | AQ34: 1.15 | AR34: 1.85 | AS34: 1.42 | AT34: 0.72 | AU34: 1.19 | AV34: 1.15 | AW34: 1.001 | AX34: 1.39 | AY34: 1.21 | AZ34: 4.3 | BA34: 1090.15 | BB34: 890.15 | BC34: 5.73 | BD34: 0.33 | BE34: 27.7 | BF34: 34.76 | BG34: 302 | BH34: 50 | BI34: N/A | BJ34: 2.96 | BK34: 38.3 | BL34: N/A | BM34: 8 | BN34: N/A | BO34: 1.44 | BP34: 3e-07 | BQ34: 3300000 | BR34: 4.2 | BS34: 0.002 | BT34: 33 | BU34: 1 | BV34: 0.03030303 | BW34: 1 | BX34: 1.8376525e-06 | BY34: 2.1392911e-10 | BZ34: 3337 | CA34: 4000 | CB34: 320
A35: Se | B35: [Ar]4s23d104p4 | C35: 78.971 | D35: 34 | E35: 4 | F35: 16 | G35: 1 | H35: 3 | I35: 89 | J35: 7 | K35: 2 | L35: 4 | M35: 10 | N35: 0 | O35: 0 | P35: 2 | Q35: 0 | R35: 14 | S35: 16 | T35: 6 | U35: 6 | V35: 2 | W35: 2 | X35: 3.385 | Y35: 0.795 | Z35: 9.7524 | AA35: 2.0209543 | AB35: 5.89 | AC35: 5.8746 | AD35: 2.55 | AE35: 2.54 | AF35: 5.89 | AG35: 2.55 | AH35: 2.434 | AI35: 2.31 | AJ35: 4.82 | AK35: 2.4 | AL35: 14.7 | AM35: 1.03 | AN35: 1.16 | AO35: 1.84 | AP35: 1.98 | AQ35: 1.18 | AR35: 1.9 | AS35: 1.29 | AT35: 0.56 | AU35: 1.2 | AV35: 1.15 | AW35: 0.918 | AX35: 1.4 | AY35: 1.17 | AZ35: 3.8 | BA35: 490.15 | BB35: 958.15 | BC35: 4.79 | BD35: 0.32 | BE35: 6.694 | BF35: 37.7 | BG35: 227 | BH35: 0.52 | BI35: N/A | BJ35: 2.46 | BK35: 8.3 | BL35: 3.7 | BM35: 10 | BN35: N/A | BO35: 0.736 | BP35: N/A | BQ35: N/A | BR35: 11.7 | BS35: 0.0056 | BT35: 30 | BU35: 5 | BV35: 0.16666667 | BW35: 0.9127 | BX35: 5.1045904e-08 | BY35: 2.0251521e-09 | BZ35: 2225 | CA35: 1910 | CB35: 14
A36: Br | B36: [Ar]4s23d104p5 | C36: 79.904 | D36: 35 | E36: 4 | F36: 17 | G36: 1 | H36: 3 | I36: 95 | J36: 8 | K36: 2 | L36: 5 | M36: 10 | N36: 0 | O36: 0 | P36: 1 | Q36: 0 | R36: 14 | S36: 17 | T36: 7 | U36: 7 | V36: 1 | W36: 0 | X36: 3.726 | Y36: 0.723 | Z36: 11.8138 | AA36: 3.3679693 | AB36: 7.59 | AC36: 6.1658 | AD36: 2.96 | AE36: 2.83 | AF36: 7.59 | AG36: 2.96 | AH36: 2.685 | AI36: 2.56 | AJ36: 7.35 | AK36: 2.75 | AL36: 19.3 | AM36: 0.94 | AN36: 1.14 | AO36: 1.82 | AP36: 1.96 | AQ36: 1.2 | AR36: 1.85 | AS36: 1.2 | AT36: 1.82 | AU36: 1.2 | AV36: 1.15 | AW36: 0.851 | AX36: N/A | AY36: 1.142 | AZ36: 3.1 | BA36: 265.95 | BB36: 331.95 | BC36: 3.12 | BD36: 0.473 | BE36: 5.286 | BF36: 15.438 | BG36: 112 | BH36: 0.122 | BI36: N/A | BJ36: 1.22 | BK36: 1.9 | BL36: N/A | BM36: N/A | BN36: N/A | BO36: N/A | BP36: 10000000000 | BQ36: 1e-10 | BR36: 6.8 | BS36: 0.002 | BT36: 31 | BU36: 2 | BV36: 0.064516129 | BW36: 1 | BX36: 2.4502034e-06 | BY36: 3.8481151e-10 | BZ36: 3299 | CA36: 6880 | CB36: 4.9
A37: Kr | B37: [Ar]4s23d104p6 | C37: 83.798 | D37: 36 | E37: 4 | F37: 18 | G37: 1 | H37: 3 | I37: 101 | J37: 9 | K37: 2 | L37: 6 | M37: 10 | N37: 0 | O37: 0 | P37: 0 | Q37: 0 | R37: 14 | S37: 18 | T37: 8 | U37: 8 | V37: N/A | W37: 0 | X37: 4.056 | Y37: 0.664 | Z37: 13.9996 | AA37: -0.62174389 | AB37: N/A | AC37: 6.3916 | AD37: 3 | AE37: N/A | AF37: N/A | AG37: N/A | AH37: 2.966 | AI37: 2.82 | AJ37: 9.59 | AK37: N/A | AL37: 24.6 | AM37: 0.88 | AN37: 1.1 | AO37: 1.66 | AP37: 1.36 | AQ37: 1.88 | AR37: 2.02 | AS37: 2.91 | AT37: 2.1 | AU37: 1.16 | AV37: 0.88 | AW37: 0.795 | AX37: N/A | AY37: N/A | AZ37: 2.5 | BA37: 116.15 | BB37: 121.15 | BC37: 0.00374 | BD37: 0.248 | BE37: 1.638 | BF37: 9.029 | BG37: 0 | BH37: 0.00949 | BI37: N/A | BJ37: 0.116 | BK37: N/A | BL37: N/A | BM37: N/A | BN37: N/A | BO37: N/A | BP37: N/A | BQ37: N/A | BR37: 25 | BS37: 0.013 | BT37: 32 | BU37: 6 | BV37: 0.1875 | BW37: 1 | BX37: 1.0209181e-10 | BY37: 1.4675015e-09 | BZ37: N/A | CA37: N/A | CB37: 33
A38: Rb | B38: [Kr]5s1 | C38: 85.4678 | D38: 37 | E38: 5 | F38: 1 | G38: 0 | H38: 1 | I38: 4 | J38: 1 | K38: 1 | L38: 0 | M38: 0 | N38: 0 | O38: 1 | P38: 6 | Q38: 10 | R38: 14 | S38: 1 | T38: 1 | U38: 1 | V38: 1 | W38: 1 | X38: 2.769 | Y38: 1.519 | Z38: 4.1771 | AA38: 0.48715558 | AB38: 2.34 | AC38: 2.0135 | AD38: 0.82 | AE38: 0.8 | AF38: 2.34 | AG38: 0.82 | AH38: 0.706 | AI38: 0.83 | AJ38: 1.05 | AK38: 0.78 | AL38: 0.342 | AM38: 2.65 | AN38: 2.11 | AO38: 1.66 | AP38: 1.52 | AQ38: 2.44 | AR38: 2.9 | AS38: 4.1 | AT38: 1.66 | AU38: 2.2 | AV38: 2.35 | AW38: 2.287 | AX38: 2.48 | AY38: 2.16 | AZ38: 47.3 | BA38: 312.05 | BB38: 959.15 | BC38: 1.53 | BD38: 0.363 | BE38: 2.192 | BF38: 72.216 | BG38: 86 | BH38: 58.2 | BI38: 9e-06 | BJ38: 0.852 | BK38: 3.1 | BL38: N/A | BM38: 2.4 | BN38: N/A | BO38: 0.000216 | BP38: 1.2e-07 | BQ38: 8300000 | BR38: 0.38 | BS38: 0.0003 | BT38: 32 | BU38: 1 | BV38: 0.03125 | BW38: 1 | BX38: 9.1882627e-05 | BY38: 2.3121302e-10 | BZ38: 6000 | CA38: 6000 | CB38: 1200
A39: Sr | B39: [Kr]5s2 | C39: 87.62 | D39: 38 | E39: 5 | F39: 2 | G39: 0 | H39: 1 | I39: 8 | J39: 2 | K39: 2 | L39: 0 | M39: 0 | N39: 0 | O39: 0 | P39: 6 | Q39: 10 | R39: 14 | S39: 2 | T39: 2 | U39: 2 | V39: 2 | W39: 2 | X39: 3.234 | Y39: 1.301 | Z39: 5.6949 | AA39: 0.05186612 | AB39: 2 | AC39: 2.5849 | AD39: 0.95 | AE39: 1.13 | AF39: 2 | AG39: 0.95 | AH39: 0.963 | AI39: 1.06 | AJ39: 1.63 | AK39: 1 | AL39: 0.744 | AM39: 2.19 | AN39: 1.92 | AO39: 1.32 | AP39: 1.18 | AQ39: 2.12 | AR39: 2.55 | AS39: 3.21 | AT39: 1.32 | AU39: 1.95 | AV39: 2 | AW39: 1.836 | AX39: 2.148 | AY39: 1.914 | AZ39: 27.6 | BA39: 1042.15 | BB39: 1657.15 | BC39: 2.63 | BD39: 0.3 | BE39: 8.3 | BF39: 144 | BG39: 164 | BH39: 35.3 | BI39: 2.25e-05 | BJ39: 1.72 | BK39: 12 | BL39: 6.1 | BM39: N/A | BN39: N/A | BO39: N/A | BP39: 1.3e-07 | BQ39: 7700000 | BR39: 1.2 | BS39: 0.0005 | BT39: 33 | BU39: 4 | BV39: 0.12121212 | BW39: 1 | BX39: 0.00037773969 | BY39: 7.6636191e-10 | BZ39: 4179 | CA39: 3000 | CB39: 100
A40: Y | B40: [Kr]5s24d1 | C40: 88.90584 | D40: 39 | E40: 5 | F40: 3 | G40: 2 | H40: 1 | I40: 12 | J40: 3 | K40: 2 | L40: 0 | M40: 1 | N40: 0 | O40: 0 | P40: 6 | Q40: 9 | R40: 14 | S40: 3 | T40: 2 | U40: 1 | V40: 3 | W40: 3 | X40: 3.379 | Y40: 1.245 | Z40: 6.2173 | AA40: 0.310865 | AB40: 3.19 | AC40: 2.7237 | AD40: 1.22 | AE40: 1.41 | AF40: 3.19 | AG40: 1.22 | AH40: 1.12 | AI40: 1.11 | AJ40: 1.76 | AK40: 1.3 | AL40: 0.868 | AM40: 2.12 | AN40: 1.62 | AO40: 1.04 | AP40: 0.9 | AQ40: 1.79 | AR40: 2.4 | AS40: 2.94 | AT40: 1.04 | AU40: 1.9 | AV40: 1.85 | AW40: 1.693 | AX40: 1.797 | AY40: 1.616 | AZ40: 22.7 | BA40: 1796.15 | BB40: 3610.15 | BC40: 4.47 | BD40: 0.3 | BE40: 11.4 | BF40: 363 | BG40: 423 | BH40: 17.2 | BI40: 1.06e-05 | BJ40: 4.37 | BK40: 41.2 | BL40: 26 | BM40: 64 | BN40: N/A | BO40: 0.588 | BP40: 5.7e-07 | BQ40: 1800000 | BR40: 1.28 | BS40: 0.00059 | BT40: 33 | BU40: 1 | BV40: 0.03030303 | BW40: 1 | BX40: 3.3690297e-05 | BY40: 1.5131571e-10 | BZ40: 9834 | CA40: 2646 | CB40: 220
A41: Zr | B41: [Kr]5s24d2 | C41: 91.224 | D41: 40 | E41: 5 | F41: 4 | G41: 2 | H41: 1 | I41: 44 | J41: 4 | K41: 2 | L41: 0 | M41: 2 | N41: 0 | O41: 0 | P41: 6 | Q41: 8 | R41: 14 | S41: 4 | T41: 2 | U41: 2 | V41: 4 | W41: 4 | X41: 3.401 | Y41: 1.205 | Z41: 6.6339 | AA41: 0.42498422 | AB41: 3.64 | AC41: 2.8489 | AD41: 1.33 | AE41: 1.7 | AF41: 3.64 | AG41: 1.33 | AH41: 1.32 | AI41: 1.17 | AJ41: 1.73 | AK41: 1.6 | AL41: 1 | AM41: 2.06 | AN41: 1.48 | AO41: 0.86 | AP41: 0.72 | AQ41: 1.58 | AR41: 2.3798471 | AS41: 2.83 | AT41: 0.86 | AU41: 1.75 | AV41: 1.55 | AW41: 1.593 | AX41: 1.597 | AY41: 1.454 | AZ41: 17.9 | BA41: 2125.15 | BB41: 4650.15 | BC41: 6.51 | BD41: 0.27 | BE41: 16.9 | BF41: 582 | BG41: 609 | BH41: 22.7 | BI41: 5.7e-06 | BJ41: 6.25 | BK41: 89.8 | BL41: 33 | BM41: 67 | BN41: 0.904 | BO41: 0.65 | BP41: 4.2e-07 | BQ41: 2400000 | BR41: 0.184 | BS41: 0.00066 | BT41: 33 | BU41: 4 | BV41: 0.12121212 | BW41: 0.972 | BX41: 0.00016845148 | BY41: 3.7176705e-10 | BZ41: 3410 | CA41: 2595 | CB41: 16
A42: Nb | B42: [Kr]5s14d4 | C42: 92.90638 | D42: 41 | E42: 5 | F42: 5 | G42: 2 | H42: 1 | I42: 47 | J42: 4 | K42: 1 | L42: 0 | M42: 4 | N42: 0 | O42: 1 | P42: 6 | Q42: 6 | R42: 14 | S42: 5 | T42: 1 | U42: 3 | V42: 5 | W42: 5 | X42: 3.523 | Y42: 1.195 | Z42: 6.7589 | AA42: 0.92261058 | AB42: 4 | AC42: 2.974 | AD42: 1.6 | AE42: 2.03 | AF42: 4 | AG42: 1.83 | AH42: 1.41 | AI42: 1.21 | AJ42: 1.68 | AK42: 1.8 | AL42: 1.15 | AM42: 1.98 | AN42: 1.37 | AO42: 0.86 | AP42: 0.72 | AQ42: 1.43 | AR42: 2.15 | AS42: 2.76 | AT42: 0.78 | AU42: 1.64 | AV42: 1.45 | AW42: 1.589 | AX42: 1.456 | AY42: 1.342 | AZ42: 15.7 | BA42: 2741.15 | BB42: 5015.15 | BC42: 8.57 | BD42: 0.26 | BE42: 26.4 | BF42: 682 | BG42: 726 | BH42: 53.7 | BI42: 7.3e-06 | BJ42: 7.57 | BK42: 170 | BL42: 38 | BM42: 105 | BN42: 1.32 | BO42: 0.736 | BP42: 1.5e-07 | BQ42: 6700000 | BR42: 1.15 | BS42: 0.0004 | BT42: 33 | BU42: 1 | BV42: 0.03030303 | BW42: 1 | BX42: 2.0418362e-05 | BY42: 2.2762579e-11 | BZ42: 8525 | CA42: 8792 | CB42: 18
A43: Mo | B43: [Kr]5s14d5 | C43: 95.95 | D43: 42 | E43: 5 | F43: 6 | G43: 2 | H43: 1 | I43: 50 | J43: 4 | K43: 1 | L43: 0 | M43: 5 | N43: 0 | O43: 1 | P43: 6 | Q43: 5 | R43: 14 | S43: 6 | T43: 1 | U43: 4 | V43: 5.78 | W43: 5.78 | X43: 3.609 | Y43: 1.166 | Z43: 7.0924 | AA43: 0.74656842 | AB43: 3.9 | AC43: 3.0992 | AD43: 2.16 | AE43: 1.94 | AF43: 3.9 | AG43: 2.16 | AH43: 1.47 | AI43: 1.26 | AJ43: 2.07 | AK43: 2.1 | AL43: 1.32 | AM43: 1.9 | AN43: 1.45 | AO43: 0.83 | AP43: 0.69 | AQ43: 1.39 | AR43: 2.0752721 | AS43: 2.72 | AT43: 0.79 | AU43: 1.54 | AV43: 1.45 | AW43: 1.52 | AX43: 1.386 | AY43: 1.291 | AZ43: 12.8 | BA43: 2890.15 | BB43: 4885.15 | BC43: 10.2 | BD43: 0.25 | BE43: 32 | BF43: 598 | BG43: 658 | BH43: 138 | BI43: 4.8e-06 | BJ43: 6.82 | BK43: 261 | BL43: 20 | BM43: 329 | BN43: 1.53 | BO43: 1.5 | BP43: 5e-08 | BQ43: 20000000 | BR43: 2.6 | BS43: 0.0009 | BT43: 33 | BU43: 6 | BV43: 0.18181818 | BW43: 0.9037 | BX43: 1.2251017e-06 | BY43: 8.315842e-11 | BZ43: 2410 | CA43: 5260 | CB43: 11
A44: Tc | B44: [Kr]5s24d5 | C44: 97.9072 | D44: 43 | E44: 5 | F44: 7 | G44: 2 | H44: 1 | I44: 53 | J44: 4 | K44: 2 | L44: 0 | M44: 5 | N44: 0 | O44: 0 | P44: 6 | Q44: 5 | R44: 14 | S44: 7 | T44: 2 | U44: 5 | V44: 5.78 | W44: 5.78 | X44: 3.655 | Y44: 1.151 | Z44: 7.28 | AA44: 0.54962963 | AB44: 4.4 | AC44: 3.2244 | AD44: 1.9 | AE44: 2.18 | AF44: 4 | AG44: 2.12 | AH44: 1.51 | AI44: 1.3 | AJ44: 1.96 | AK44: 2.27 | AL44: 1.5 | AM44: 1.83 | AN44: 1.56 | AO44: 0.79 | AP44: 0.65 | AQ44: 1.36 | AR44: 2.05 | AS44: 2.65 | AT44: 0.79 | AU44: 1.47 | AV44: 1.35 | AW44: 1.391 | AX44: N/A | AY44: N/A | AZ44: 11.4 | BA44: 2445.15 | BB44: 5150.15 | BC44: 11.5 | BD44: 0.21 | BE44: 24 | BF44: 660 | BG44: 677 | BH44: 50.6 | BI44: N/A | BJ44: 6.85 | BK44: 281 | BL44: N/A | BM44: N/A | BN44: N/A | BO44: N/A | BP44: 2e-07 | BQ44: 5000000 | BR44: 22 | BS44: N/A | BT44: 34 | BU44: 0 | BV44: 0 | BW44: 0 | BX44: N/A | BY44: 3.2611145e-11 | BZ44: N/A | CA44: N/A | CB44: N/A
A45: Ru | B45: [Kr]5s14d7 | C45: 101.07 | D45: 44 | E45: 5 | F45: 8 | G45: 2 | H45: 1 | I45: 56 | J45: 4 | K45: 1 | L45: 0 | M45: 7 | N45: 0 | O45: 1 | P45: 6 | Q45: 3 | R45: 14 | S45: 8 | T45: 1 | U45: 5 | V45: 5.78 | W45: 5.78 | X45: 3.676 | Y45: 1.144 | Z45: 7.3605 | AA45: 1.047057 | AB45: 4.5 | AC45: 3.336 | AD45: 2.2 | AE45: 1.97 | AF45: 4.5 | AG45: 2.15 | AH45: 1.54 | AI45: 1.35 | AJ45: 1.93 | AK45: 2 | AL45: 1.69 | AM45: 1.78 | AN45: 1.26 | AO45: 0.82 | AP45: 0.68 | AQ45: 1.34 | AR45: 2.05 | AS45: 2.61 | AT45: 0.82 | AU45: 1.46 | AV45: 1.3 | AW45: 1.41 | AX45: 1.336 | AY45: 1.241 | AZ45: 9.6 | BA45: 2583.15 | BB45: 4173.15 | BC45: 12.4 | BD45: 0.238 | BE45: 24 | BF45: 595 | BG45: 643 | BH45: 117 | BI45: 6.4e-06 | BJ45: 6.74 | BK45: 286 | BL45: 173 | BM45: 447 | BN45: 2.2981388 | BO45: 2.16 | BP45: 7e-08 | BQ45: 14000000 | BR45: 2.6 | BS45: 0.0009 | BT45: 34 | BU45: 7 | BV45: 0.20588235 | BW45: 1 | BX45: 1.0209181e-09 | BY45: 6.065673e-11 | BZ45: 3239 | CA45: 8000 | CB45: 1400
A46: Rh | B46: [Kr]5s14d8 | C46: 102.9055 | D46: 45 | E46: 5 | F46: 9 | G46: 2 | H46: 1 | I46: 59 | J46: 4 | K46: 1 | L46: 0 | M46: 8 | N46: 0 | O46: 1 | P46: 6 | Q46: 2 | R46: 14 | S46: 9 | T46: 1 | U46: 4 | V46: 5.78 | W46: 5.78 | X46: 3.701 | Y46: 1.137 | Z46: 7.4589 | AA46: 1.1395542 | AB46: 4.3 | AC46: 3.4611 | AD46: 2.28 | AE46: 1.99 | AF46: 4.3 | AG46: 2.28 | AH46: 1.56 | AI46: 1.39 | AJ46: 1.72 | AK46: 2.26 | AL46: 1.9 | AM46: 1.73 | AN46: 1.35 | AO46: 0.81 | AP46: 0.67 | AQ46: 1.32 | AR46: 2 | AS46: 2.52 | AT46: 0.81 | AU46: 1.42 | AV46: 1.35 | AW46: 1.364 | AX46: 1.342 | AY46: 1.247 | AZ46: 8.6 | BA46: 2239.15 | BB46: 4000.15 | BC46: 12.4 | BD46: 0.242 | BE46: 21.5 | BF46: 493 | BG46: 556 | BH46: 150 | BI46: 8e-06 | BJ46: 5.75 | BK46: 276 | BL46: 150 | BM46: 275 | BN46: 1.246 | BO46: 1.1 | BP46: 4.3e-08 | BQ46: 23000000 | BR46: 145 | BS46: 0.063 | BT46: 34 | BU46: 1 | BV46: 0.029411765 | BW46: 1 | BX46: 1.0209181e-09 | BY46: 1.1218234e-11 | BZ46: 3239 | CA46: 8000 | CB46: 13000
A47: Pd | B47: [Kr]4d10 | C47: 106.42 | D47: 46 | E47: 5 | F47: 10 | G47: 2 | H47: 1 | I47: 62 | J47: 4 | K47: 0 | L47: 0 | M47: 10 | N47: 0 | O47: 2 | P47: 6 | Q47: 0 | R47: 14 | S47: 10 | T47: 10 | U47: 3 | V47: 5.78 | W47: 5.78 | X47: 3.101 | Y47: 0.86 | Z47: 8.3369 | AA47: 0.55994104 | AB47: 4.45 | AC47: 3.5727 | AD47: 2.2 | AE47: 2.08 | AF47: 4.45 | AG47: 2.2 | AH47: 1.59 | AI47: 1.61 | AJ47: 1.98 | AK47: 6.68 | AL47: 2.13 | AM47: 1.69 | AN47: 1.31 | AO47: 0.73 | AP47: 0.59 | AQ47: 1.42 | AR47: 1.63 | AS47: 2.45 | AT47: 0.78 | AU47: 1.39 | AV47: 1.4 | AW47: 0.567 | AX47: 1.373 | AY47: 1.278 | AZ47: 4.8 | BA47: 1827.15 | BB47: 3413.15 | BC47: 12 | BD47: 0.24 | BE47: 17.6 | BF47: 357 | BG47: 378 | BH47: 71.8 | BI47: 1.18e-05 | BJ47: 3.89 | BK47: 187 | BL47: 44 | BM47: 121 | BN47: 0.461 | BO47: 0.0372 | BP47: 1e-07 | BQ47: 10000000 | BR47: 6.9 | BS47: 0.0023 | BT47: 34 | BU47: 6 | BV47: 0.17647059 | BW47: 1 | BX47: 1.5313771e-08 | BY47: 4.5329492e-11 | BZ47: 3239 | CA47: 8000 | CB47: 15
A48: Ag | B48: [Kr]5s14d10 | C48: 107.8682 | D48: 47 | E48: 5 | F48: 11 | G48: 0 | H48: 1 | I48: 65 | J48: 4 | K48: 1 | L48: 0 | M48: 10 | N48: 0 | O48: 1 | P48: 6 | Q48: 0 | R48: 14 | S48: 11 | T48: 1 | U48: 2 | V48: 5.44 | W48: 5.44 | X48: 3.73 | Y48: 1.128 | Z48: 7.5762 | AA48: 1.305884 | AB48: 4.44 | AC48: 3.6842 | AD48: 1.93 | AE48: 1.07 | AF48: 4.44 | AG48: 1.93 | AH48: 1.87 | AI48: 1.45 | AJ48: 2.18 | AK48: 1.9 | AL48: 2.38 | AM48: 1.65 | AN48: 1.53 | AO48: 1.29 | AP48: 1.15 | AQ48: 1.44 | AR48: 1.72 | AS48: 2.38 | AT48: 1.29 | AU48: 1.45 | AV48: 1.6 | AW48: 1.286 | AX48: 1.442 | AY48: 1.339 | AZ48: 7.9 | BA48: 1235.15 | BB48: 2485.15 | BC48: 10.5 | BD48: 0.235 | BE48: 11.3 | BF48: 250.58 | BG48: 284 | BH48: 429 | BI48: 1.89e-05 | BJ48: 2.95 | BK48: 104 | BL48: 30 | BM48: 85 | BN48: 0.251 | BO48: 0.0245 | BP48: 1.6e-08 | BQ48: 62000000 | BR48: 63.6 | BS48: 0.02 | BT48: 38 | BU48: 2 | BV48: 0.052631579 | BW48: 1 | BX48: 7.6568856e-08 | BY48: 1.5849017e-11 | BZ48: 1229 | CA48: 1368 | CB48: 120
A49: Cd | B49: [Kr]5s24d10 | C49: 112.411 | D49: 48 | E49: 5 | F49: 12 | G49: 0 | H49: 1 | I49: 70 | J49: 4 | K49: 2 | L49: 0 | M49: 10 | N49: 0 | O49: 0 | P49: 6 | Q49: 0 | R49: 14 | S49: 12 | T49: 2 | U49: 1 | V49: 4.44 | W49: 4.44 | X49: 4.064 | Y49: 1.035 | Z49: 8.9938 | AA49: -0.72530645 | AB49: 4.33 | AC49: 3.7958 | AD49: 1.69 | AE49: 1.4 | AF49: 4.33 | AG49: 1.69 | AH49: 1.52 | AI49: 1.45 | AJ49: 2.36 | AK49: 1.1 | AL49: 2.64 | AM49: 1.61 | AN49: 1.48 | AO49: 1.09 | AP49: 0.95 | AQ49: 1.57 | AR49: 1.58 | AS49: 2.22 | AT49: 0.92 | AU49: 1.44 | AV49: 1.55 | AW49: 1.184 | AX49: 1.543 | AY49: 1.413 | AZ49: 7.2 | BA49: 594.05 | BB49: 1038.15 | BC49: 8.65 | BD49: 0.23 | BE49: 6.192 | BF49: 99.57 | BG49: 112 | BH49: 96.8 | BI49: 3.08e-05 | BJ49: 1.16 | BK49: 51 | BL49: 19 | BM49: 50 | BN49: N/A | BO49: 0.203 | BP49: 7e-08 | BQ49: 14000000 | BR49: 2450 | BS49: 1.4 | BT49: 38 | BU49: 6 | BV49: 0.15789474 | BW49: 0.8029 | BX49: 1.5313771e-07 | BY49: 5.2503944e-11 | BZ49: 1676 | CA49: 1341 | CB49: 6
A50: In | B50: [Kr]5s24d105p1 | C50: 114.818 | D50: 49 | E50: 5 | F50: 13 | G50: 1 | H50: 1 | I50: 75 | J50: 5 | K50: 2 | L50: 1 | M50: 10 | N50: 0 | O50: 0 | P50: 5 | Q50: 0 | R50: 14 | S50: 13 | T50: 3 | U50: 3 | V50: 3.44 | W50: 3.44 | X50: 3.259 | Y50: 1.29 | Z50: 5.7864 | AA50: 0.30072688 | AB50: 3.1 | AC50: 4.253 | AD50: 1.78 | AE50: 1.63 | AF50: 3.1 | AG50: 1.78 | AH50: 1.656 | AI50: 1.52 | AJ50: 2.48 | AK50: 1.4 | AL50: 4.02 | AM50: 1.56 | AN50: 1.44 | AO50: 0.94 | AP50: 0.8 | AQ50: 1.55 | AR50: 1.93 | AS50: 2.05 | AT50: 0.94 | AU50: 1.42 | AV50: 1.55 | AW50: 1.382 | AX50: 1.66 | AY50: 1.497 | AZ50: 9.7 | BA50: 429.75 | BB50: 2353.15 | BC50: 7.31 | BD50: 0.23 | BE50: 3.263 | BF50: 231.5 | BG50: 243 | BH50: 81.6 | BI50: 3.21e-05 | BJ50: 2.52 | BK50: 41.1 | BL50: N/A | BM50: 11 | BN50: N/A | BO50: 0.00883 | BP50: 8e-08 | BQ50: 12000000 | BR50: 194 | BS50: 0.06 | BT50: 39 | BU50: 1 | BV50: 0.025641026 | BW50: 0.9571 | BX50: 2.5522952e-07 | BY50: 6.0004507e-12 | BZ50: 3333 | CA50: 2000 | CB50: 120
A51: Sn | B51: [Kr]5s24d105p2 | C51: 118.71 | D51: 50 | E51: 5 | F51: 14 | G51: 1 | H51: 1 | I51: 80 | J51: 5 | K51: 2 | L51: 2 | M51: 10 | N51: 0 | O51: 0 | P51: 4 | Q51: 0 | R51: 14 | S51: 14 | T51: 4 | U51: 4 | V51: 2.44 | W51: 4 | X51: 3.672 | Y51: 1.145 | Z51: 7.3439 | AA51: 1.1083178 | AB51: 4.3 | AC51: 4.672 | AD51: 1.96 | AE51: 1.88 | AF51: 4.3 | AG51: 1.96 | AH51: 1.824 | AI51: 1.7 | AJ51: 2.74 | AK51: 1.7 | AL51: 5.8 | AM51: 1.45 | AN51: 1.41 | AO51: 0.83 | AP51: 0.69 | AQ51: 1.55 | AR51: 2.17 | AS51: 1.88 | AT51: 0.69 | AU51: 1.39 | AV51: 1.45 | AW51: 1.24 | AX51: 1.62 | AY51: 1.412 | AZ51: 7.7 | BA51: 505.15 | BB51: 2543.15 | BC51: 7.31 | BD51: 0.227 | BE51: 7.029 | BF51: 295.8 | BG51: 302 | BH51: 66.6 | BI51: 2.2e-05 | BJ51: 3.14 | BK51: 58.2 | BL51: 18 | BM51: 50 | BN51: N/A | BO51: 0.051 | BP51: 1.1e-07 | BQ51: 9100000 | BR51: 0.62 | BS51: 0.0002 | BT51: 39 | BU51: 10 | BV51: 0.25641026 | BW51: 1 | BX51: 2.3481116e-06 | BY51: 1.2457457e-10 | BZ51: 2591 | CA51: 1639 | CB51: 8
A52: Sb | B52: [Kr]5s24d105p3 | C52: 121.76 | D52: 51 | E52: 5 | F52: 15 | G52: 1 | H52: 3 | I52: 85 | J52: 6 | K52: 2 | L52: 3 | M52: 10 | N52: 0 | O52: 0 | P52: 3 | Q52: 0 | R52: 14 | S52: 15 | T52: 5 | U52: 5 | V52: 3 | W52: 3 | X52: 3.984 | Y52: 1.183 | Z52: 8.6084 | AA52: 1.0425041 | AB52: 4.85 | AC52: 5.0203 | AD52: 2.05 | AE52: 2.14 | AF52: 4.85 | AG52: 2.05 | AH52: 1.984 | AI52: 1.88 | AJ52: 6.29 | AK52: 1.8 | AL52: 8.04 | AM52: 1.33 | AN52: 1.38 | AO52: 0.9 | AP52: 0.76 | AQ52: 1.55 | AR52: 2.06 | AS52: 1.77 | AT52: 0.9 | AU52: 1.39 | AV52: 1.45 | AW52: 1.193 | AX52: 1.59 | AY52: 1.41 | AZ52: 6.6 | BA52: 904.15 | BB52: 2223.15 | BC52: 6.69 | BD52: 0.21 | BE52: 19.87 | BF52: 77.14 | BG52: 262 | BH52: 24.3 | BI52: 1.1e-05 | BJ52: 2.75 | BK52: 38.3 | BL52: 20 | BM52: 55 | BN52: N/A | BO52: 0.294 | BP52: 4e-07 | BQ52: 2500000 | BR52: 5.4 | BS52: 0.0016 | BT52: 37 | BU52: 2 | BV52: 0.054054054 | BW52: 1 | BX52: 2.0418362e-07 | BY52: 1.0076844e-11 | BZ52: 7906 | CA52: 3419 | CB52: 4.5
A53: Te | B53: [Kr]5s24d105p4 | C53: 127.6 | D53: 52 | E53: 5 | F53: 16 | G53: 1 | H53: 3 | I53: 90 | J53: 6 | K53: 2 | L53: 4 | M53: 10 | N53: 0 | O53: 0 | P53: 2 | Q53: 0 | R53: 14 | S53: 16 | T53: 6 | U53: 6 | V53: 2 | W53: 2 | X53: 4.067 | Y53: 1.034 | Z53: 9.0096 | AA53: 1.969878 | AB53: 5.49 | AC53: 5.325 | AD53: 2.1 | AE53: 2.38 | AF53: 5.49 | AG53: 2.52 | AH53: 2.158 | AI53: 2.08 | AJ53: 4.98 | AK53: 2.1 | AL53: 10.8 | AM53: 1.23 | AN53: 1.35 | AO53: 2.07 | AP53: 2.21 | AQ53: 1.4 | AR53: 2.06 | AS53: 1.67 | AT53: 1.11 | AU53: 1.38 | AV53: 1.4 | AW53: 1.111 | AX53: 1.6 | AY53: 1.37 | AZ53: 5.5 | BA53: 722.65 | BB53: 1262.95 | BC53: 6.24 | BD53: 0.2 | BE53: 17.49 | BF53: 52.55 | BG53: 197 | BH53: 2.35 | BI53: 1.8e-05 | BJ53: 2.19 | BK53: 65 | BL53: 16 | BM53: 43 | BN53: N/A | BO53: 0.18 | BP53: 0.0001 | BQ53: 10000 | BR53: 5.4 | BS53: 0.0013 | BT53: 38 | BU53: 5 | BV53: 0.13157895 | BW53: 0.3329 | BX53: 1.0209181e-09 | BY53: 1.5685961e-10 | BZ53: 2892 | CA53: 4934 | CB53: 24
A54: I | B54: [Kr]5s24d105p5 | C54: 126.90447 | D54: 53 | E54: 5 | F54: 17 | G54: 1 | H54: 3 | I54: 96 | J54: 8 | K54: 2 | L54: 5 | M54: 10 | N54: 0 | O54: 0 | P54: 1 | Q54: 0 | R54: 14 | S54: 17 | T54: 7 | U54: 7 | V54: 1 | W54: 0 | X54: 4.381 | Y54: 0.96 | Z54: 10.4513 | AA54: 3.0586642 | AB54: 6.76 | AC54: 5.5916 | AD54: 2.66 | AE54: 2.76 | AF54: 6.76 | AG54: 2.66 | AH54: 2.359 | AI54: 2.27 | AJ54: 6.7 | AK54: 2.45 | AL54: 14.1 | AM54: 1.15 | AN54: 1.33 | AO54: 2.06 | AP54: 2.2 | AQ54: 1.6 | AR54: 1.98 | AS54: 1.59 | AT54: 2.06 | AU54: 1.39 | AV54: 1.4 | AW54: 1.044 | AX54: N/A | AY54: 1.334 | AZ54: 5 | BA54: 386.65 | BB54: 457.15 | BC54: 4.93 | BD54: 0.214 | BE54: 7.824 | BF54: 20.752 | BG54: 107 | BH54: 0.449 | BI54: N/A | BJ54: 1.11 | BK54: 7.7 | BL54: N/A | BM54: N/A | BN54: N/A | BO54: N/A | BP54: 10000000 | BQ54: 1e-07 | BR54: 6.3 | BS54: 0.0018 | BT54: 37 | BU54: 1 | BV54: 0.027027027 | BW54: 1 | BX54: 4.5941314e-07 | BY54: 2.9350031e-11 | BZ54: 4887 | CA54: 4836 | CB54: 8.3
A55: Xe | B55: [Kr]5s24d105p6 | C55: 131.293 | D55: 54 | E55: 5 | F55: 18 | G55: 1 | H55: 3 | I55: 102 | J55: 9 | K55: 2 | L55: 6 | M55: 10 | N55: 0 | O55: 0 | P55: 0 | Q55: 0 | R55: 14 | S55: 18 | T55: 8 | U55: 8 | V55: N/A | W55: 0 | X55: 4.719 | Y55: 0.891 | Z55: 12.1298 | AA55: -0.82938803 | AB55: N/A | AC55: 5.8121 | AD55: 2.6 | AE55: N/A | AF55: N/A | AG55: N/A | AH55: 2.582 | AI55: 2.45 | AJ55: 6.27 | AK55: N/A | AL55: 18 | AM55: 1.08 | AN55: 1.3 | AO55: 0.62 | AP55: 1.52 | AQ55: 2.32 | AR55: 2.16 | AS55: 2.82 | AT55: 0.62 | AU55: 1.4 | AV55: 1.08 | AW55: 0.986 | AX55: N/A | AY55: N/A | AZ55: 4 | BA55: 161.35 | BB55: 166.05 | BC55: 0.00589 | BD55: 0.158 | BE55: 2.297 | BF55: 12.636 | BG55: 0 | BH55: 0.00569 | BI55: N/A | BJ55: 0.16 | BK55: N/A | BL55: N/A | BM55: N/A | BN55: N/A | BO55: N/A | BP55: N/A | BQ55: N/A | BR55: 25 | BS55: 0.0083 | BT55: 38 | BU55: 9 | BV55: 0.23684211 | BW55: 1 | BX55: 3.0627542e-11 | BY55: 1.5327238e-10 | BZ55: N/A | CA55: N/A | CB55: 120
A56: Cs | B56: [Xe]6s1 | C56: 132.90543 | D56: 55 | E56: 6 | F56: 1 | G56: 0 | H56: 1 | I56: 5 | J56: 1 | K56: 1 | L56: 0 | M56: 0 | N56: 0 | O56: 1 | P56: 6 | Q56: 10 | R56: 14 | S56: 1 | T56: 1 | U56: 1 | V56: 1 | W56: 1 | X56: 3.209 | Y56: 1.888 | Z56: 3.8939 | AA56: 0.47638138 | AB56: 2.18 | AC56: N/A | AD56: 0.79 | AE56: 0.77 | AF56: 2.18 | AG56: 0.79 | AH56: 0.659 | AI56: 0.79 | AJ56: N/A | AK56: 0.75 | AL56: 0.281 | AM56: 2.98 | AN56: 2.25 | AO56: 1.81 | AP56: 1.67 | AQ56: 2.64 | AR56: 3.43 | AS56: 4.31 | AT56: 1.81 | AU56: 2.44 | AV56: 2.6 | AW56: 2.518 | AX56: 2.67 | AY56: 2.35 | AZ56: 59.6 | BA56: 301.55 | BB56: 942.15 | BC56: 1.87 | BD56: 0.24 | BE56: 2.092 | BF56: 67.74 | BG56: 79 | BH56: 35.9 | BI56: 9.7e-05 | BJ56: 0.804 | BK56: 1.57 | BL56: N/A | BM56: 1.7 | BN56: N/A | BO56: 0.00014 | BP56: 2e-07 | BQ56: 5000000 | BR56: 29 | BS56: 0.0077 | BT56: 40 | BU56: 1 | BV56: 0.025 | BW56: 1 | BX56: 3.0627542e-06 | BY56: 1.2131346e-11 | BZ56: 6000 | CA56: 6000 | CB56: 1100
A57: Ba | B57: [Xe]6s2 | C57: 137.327 | D57: 56 | E57: 6 | F57: 2 | G57: 0 | H57: 1 | I57: 9 | J57: 2 | K57: 2 | L57: 0 | M57: 0 | N57: 0 | O57: 0 | P57: 6 | Q57: 10 | R57: 14 | S57: 2 | T57: 2 | U57: 2 | V57: 2 | W57: 2 | X57: 3.712 | Y57: 1.632 | Z57: 5.2117 | AA57: 0.14505726 | AB57: 2.4 | AC57: N/A | AD57: 0.89 | AE57: 1.08 | AF57: 2.4 | AG57: 0.89 | AH57: 0.881 | AI57: 0.98 | AJ57: N/A | AK57: 0.9 | AL57: 0.612 | AM57: 2.53 | AN57: 1.98 | AO57: 1.49 | AP57: 1.35 | AQ57: 2.23 | AR57: 2.68 | AS57: 3.4 | AT57: 1.49 | AU57: 2.15 | AV57: 2.15 | AW57: 2.06 | AX57: 2.215 | AY57: 1.981 | AZ57: 39.7 | BA57: 998.15 | BB57: 1913.15 | BC57: 3.5 | BD57: 0.204 | BE57: 7.75 | BF57: 142 | BG57: 180 | BH57: 18.4 | BI57: 2.06e-05 | BJ57: 1.9 | BK57: 10.2 | BL57: 4.9 | BM57: 13 | BN57: N/A | BO57: N/A | BP57: 3.5e-07 | BQ57: 2900000 | BR57: 1.3 | BS57: 0.00027 | BT57: 40 | BU57: 7 | BV57: 0.175 | BW57: 1 | BX57: 0.00043389018 | BY57: 1.4642404e-10 | BZ57: 2973 | CA57: 2347 | CB57: 55
A58: La | B58: [Xe]6s25d1 | C58: 138.9055 | D58: 57 | E58: 6 | F58: 3 | G58: 2 | H58: 1 | I58: 13 | J58: 3 | K58: 2 | L58: 0 | M58: 1 | N58: 0 | O58: 0 | P58: 6 | Q58: 9 | R58: 14 | S58: 3 | T58: 2 | U58: 1 | V58: 3 | W58: 3 | X58: 3.84 | Y58: 1.577 | Z58: 5.5769 | AA58: 0.46646933 | AB58: 3.1 | AC58: N/A | AD58: 1.1 | AE58: 1.35 | AF58: 3.1 | AG58: 1.1 | AH58: 1.09 | AI58: 1.04 | AJ58: N/A | AK58: 1.2 | AL58: 1.13 | AM58: 1.95 | AN58: 1.69 | AO58: 1.17 | AP58: 1.03 | AQ58: 1.87 | AR58: 2.5 | AS58: 3.08 | AT58: 1.36 | AU58: 2.07 | AV58: 1.95 | AW58: 1.915 | AX58: 1.871 | AY58: 1.69 | AZ58: 31.1 | BA58: 1193.15 | BB58: 3727.15 | BC58: 6.15 | BD58: 0.19 | BE58: 6.2 | BF58: 414 | BG58: 423 | BH58: 13.5 | BI58: 1.21e-05 | BJ58: 4.47 | BK58: 27.9 | BL58: 14 | BM58: 37 | BN58: 0.491 | BO58: 0.363 | BP58: 6.1e-07 | BQ58: 1600000 | BR58: 8.98 | BS58: 0.0023 | BT58: 39 | BU58: 1 | BV58: 0.025641026 | BW58: 0.9991 | BX58: 3.9815805e-05 | BY58: 1.4544571e-11 | BZ58: 9476 | CA58: 3129 | CB58: 64
A59: Ce | B59: [Xe]6s24f15d1 | C59: 140.115 | D59: 58 | E59: 6 | F59: 3 | G59: 3 | H59: 1 | I59: 15 | J59: 3 | K59: 2 | L59: 0 | M59: 1 | N59: 1 | O59: 0 | P59: 6 | Q59: 9 | R59: 13 | S59: 4 | T59: 2 | U59: 3 | V59: 3.2 | W59: 3.2 | X59: 3.774 | Y59: 1.583 | Z59: 5.5387 | AA59: 6.5862818 | AB59: N/A | AC59: N/A | AD59: 1.12 | AE59: 1.1 | AF59: 3.1 | AG59: 1.12 | AH59: 1.09 | AI59: 1.05 | AJ59: N/A | AK59: N/A | AL59: 1.89 | AM59: 1.85 | AN59: 1.65 | AO59: 1.15 | AP59: 1.01 | AQ59: 1.82 | AR59: 2.48 | AS59: 4.5 | AT59: 1.15 | AU59: 2.04 | AV59: 1.85 | AW59: 1.978 | AX59: 1.818 | AY59: 1.646 | AZ59: 29.6 | BA59: 1071.15 | BB59: 3530.15 | BC59: 6.66 | BD59: 0.19 | BE59: 5.46 | BF59: 414 | BG59: 419 | BH59: 11.4 | BI59: 6.3e-06 | BJ59: 4.32 | BK59: 21.5 | BL59: 14 | BM59: 34 | BN59: 0.27 | BO59: 0.412 | BP59: 7.5e-07 | BQ59: 1400000 | BR59: 0.6 | BS59: 0.00021 | BT59: 39 | BU59: 4 | BV59: 0.1025641 | BW59: 1 | BX59: 6.7891052e-05 | BY59: 3.7046261e-11 | BZ59: 9476 | CA59: 3129 | CB59: 57
A60: Pr | B60: [Xe]6s24f3 | C60: 140.90765 | D60: 59 | E60: 6 | F60: 3 | G60: 3 | H60: 1 | I60: 17 | J60: 3 | K60: 2 | L60: 0 | M60: 0 | N60: 3 | O60: 0 | P60: 6 | Q60: 10 | R60: 11 | S60: 5 | T60: 2 | U60: 3 | V60: 3.1 | W60: 3.1 | X60: 3.8 | Y60: 1.594 | Z60: 5.473 | AA60: 0.96582353 | AB60: N/A | AC60: N/A | AD60: 1.13 | AE60: 1.1 | AF60: 3.1 | AG60: 1.13 | AH60: 1.09 | AI60: 1.06 | AJ60: N/A | AK60: N/A | AL60: 2.92 | AM60: 2.47 | AN60: 1.65 | AO60: 1.13 | AP60: 0.99 | AQ60: 1.83 | AR60: 2.47 | AS60: 4.48 | AT60: 1.32 | AU60: 2.03 | AV60: 1.85 | AW60: 1.942 | AX60: 1.824 | AY60: 1.648 | AZ60: 28.2 | BA60: 1204.15 | BB60: 3290.15 | BC60: 6.77 | BD60: 0.19 | BE60: 6.89 | BF60: 296.8 | BG60: 356 | BH60: 12.5 | BI60: 6.7e-06 | BJ60: 3.7 | BK60: 28.8 | BL60: 15 | BM60: 37 | BN60: 0.4 | BO60: 0.481 | BP60: 7e-07 | BQ60: 1400000 | BR60: 11.4 | BS60: 0.0029 | BT60: 39 | BU60: 1 | BV60: 0.025641026 | BW60: 1 | BX60: 9.3924463e-06 | BY60: 5.4428001e-12 | BZ60: 9476 | CA60: 3129 | CB60: 170
A61: Nd | B61: [Xe]6s24f4 | C61: 144.242 | D61: 60 | E61: 6 | F61: 3 | G61: 3 | H61: 1 | I61: 19 | J61: 3 | K61: 2 | L61: 0 | M61: 0 | N61: 4 | O61: 0 | P61: 6 | Q61: 10 | R61: 10 | S61: 6 | T61: 2 | U61: 3 | V61: 3.1 | W61: 3.1 | X61: 3.822 | Y61: 1.585 | Z61: 5.525 | AA61: 1.9176829 | AB61: N/A | AC61: N/A | AD61: 1.14 | AE61: 1.2 | AF61: 3.1 | AG61: 1.14 | AH61: 1.09 | AI61: 1.03 | AJ61: N/A | AK61: N/A | AL61: 4.28 | AM61: 2.06 | AN61: 1.84 | AO61: 1.43 | AP61: 1.29 | AQ61: 1.82 | AR61: 2.29 | AS61: 3.99 | AT61: 1.3 | AU61: 2.01 | AV61: 1.85 | AW61: 1.912 | AX61: 1.818 | AY61: 1.642 | AZ61: 31.4 | BA61: 1289.15 | BB61: 3400.15 | BC61: 7 | BD61: 0.19 | BE61: 7.14 | BF61: 273 | BG61: 328 | BH61: 16.5 | BI61: 9.6e-06 | BJ61: 3.4 | BK61: 31.8 | BL61: 16 | BM61: 41 | BN61: 0.343 | BO61: 0.265 | BP61: 6.4e-07 | BQ61: 1600000 | BR61: 49 | BS61: 0.011 | BT61: 38 | BU61: 5 | BV61: 0.13157895 | BW61: 0.706 | BX61: 4.23681e-05 | BY61: 2.6998767e-11 | BZ61: 9476 | CA61: 3129 | CB61: 110
A62: Pm | B62: [Xe]6s24f5 | C62: 144.9127 | D62: 61 | E62: 6 | F62: 3 | G62: 3 | H62: 1 | I62: 21 | J62: 3 | K62: 2 | L62: 0 | M62: 0 | N62: 5 | O62: 0 | P62: 6 | Q62: 10 | R62: 9 | S62: 7 | T62: 2 | U62: 3 | V62: N/A | W62: 3 | X62: 3.794 | Y62: 1.573 | Z62: 5.582 | AA62: 0.12520374 | AB62: N/A | AC62: N/A | AD62: 1.13 | AE62: 1.15 | AF62: 3.1 | AG62: 1.16 | AH62: 1.09 | AI62: 1.04 | AJ62: N/A | AK62: N/A | AL62: 6 | AM62: 2.05 | AN62: 1.63 | AO62: 1.11 | AP62: 0.97 | AQ62: 1.85 | AR62: 2.43 | AS62: 3.99 | AT62: 1.28 | AU62: 1.99 | AV62: 1.85 | AW62: 1.882 | AX62: N/A | AY62: N/A | AZ62: 30.1 | BA62: 1315.15 | BB62: 3273.15 | BC62: 7.26 | BD62: 0.18 | BE62: 7.88 | BF62: 214 | BG62: 301 | BH62: 15 | BI62: 1.1e-05 | BJ62: 3.2 | BK62: 33 | BL62: 18 | BM62: 46 | BN62: 0.41 | BO62: 0.44 | BP62: 7.5e-07 | BQ62: 1300000 | BR62: 8400 | BS62: N/A | BT62: 38 | BU62: 0 | BV62: 0 | BW62: 0 | BX62: N/A | BY62: 3.2611145e-11 | BZ62: 9476 | CA62: 3129 | CB62: N/A
A63: Sm | B63: [Xe]6s24f6 | C63: 150.36 | D63: 62 | E63: 6 | F63: 3 | G63: 3 | H63: 1 | I63: 23 | J63: 3 | K63: 2 | L63: 0 | M63: 0 | N63: 6 | O63: 0 | P63: 6 | Q63: 10 | R63: 8 | S63: 8 | T63: 2 | U63: 3 | V63: 2.8 | W63: 2.8 | X63: 3.847 | Y63: 1.575 | Z63: 5.6437 | AA63: 0.16568661 | AB63: N/A | AC63: N/A | AD63: 1.17 | AE63: 1.2 | AF63: 3.1 | AG63: 1.17 | AH63: 1.09 | AI63: 1.05 | AJ63: N/A | AK63: N/A | AL63: 8.13 | AM63: 2.38 | AN63: 1.62 | AO63: 1.36 | AP63: 1.22 | AQ63: 1.85 | AR63: 2.42 | AS63: 4.14 | AT63: 1.1 | AU63: 1.98 | AV63: 1.85 | AW63: 1.854 | AX63: 1.85 | AY63: 1.66 | AZ63: 28.8 | BA63: 1347.15 | BB63: 2067.15 | BC63: 7.52 | BD63: 0.2 | BE63: 8.63 | BF63: 166.4 | BG63: 207 | BH63: 13.3 | BI63: 1.27e-05 | BJ63: 2.14 | BK63: 37.8 | BL63: 20 | BM63: 50 | BN63: 0.412 | BO63: 0.441 | BP63: 9.4e-07 | BQ63: 1100000 | BR63: 5900 | BS63: 4.7 | BT63: 38 | BU63: 5 | BV63: 0.13157895 | BW63: 0.7377 | BX63: 7.1974725e-06 | BY63: 8.4201977e-12 | BZ63: 9476 | CA63: 3129 | CB63: 130
A64: Eu | B64: [Xe]6s24f7 | C64: 151.965 | D64: 63 | E64: 6 | F64: 3 | G64: 3 | H64: 1 | I64: 25 | J64: 3 | K64: 2 | L64: 0 | M64: 0 | N64: 7 | O64: 0 | P64: 6 | Q64: 10 | R64: 7 | S64: 9 | T64: 2 | U64: 3 | V64: 2 | W64: 2 | X64: 3.871 | Y64: 1.565 | Z64: 5.6704 | AA64: 0.86040804 | AB64: N/A | AC64: N/A | AD64: 1.2 | AE64: 1.15 | AF64: 3.1 | AG64: 1.18 | AH64: 1.09 | AI64: 1.06 | AJ64: N/A | AK64: N/A | AL64: 10.7 | AM64: 2.31 | AN64: 1.85 | AO64: 1.31 | AP64: 1.17 | AQ64: 1.96 | AR64: 2.4 | AS64: 3.94 | AT64: 1.31 | AU64: 1.98 | AV64: 1.85 | AW64: 1.826 | AX64: 2.084 | AY64: 1.85 | AZ64: 27.7 | BA64: 1095.15 | BB64: 1802.15 | BC64: 5.24 | BD64: 0.18 | BE64: 9.21 | BF64: 143.5 | BG64: 178 | BH64: 13.9 | BI64: 3.5e-05 | BJ64: 1.86 | BK64: 14.7 | BL64: 7.9 | BM64: 18 | BN64: 0.167 | BO64: N/A | BP64: 9e-07 | BQ64: 1100000 | BR64: 4570 | BS64: 0.6 | BT64: 38 | BU64: 2 | BV64: 0.052631579 | BW64: 1 | BX64: 2.0418362e-06 | BY64: 3.1730644e-12 | BZ64: 9476 | CA64: 3129 | CB64: 3600
A65: Gd | B65: [Xe]6s24f75d1 | C65: 157.25 | D65: 64 | E65: 6 | F65: 3 | G65: 3 | H65: 1 | I65: 27 | J65: 3 | K65: 2 | L65: 0 | M65: 1 | N65: 7 | O65: 0 | P65: 6 | Q65: 9 | R65: 7 | S65: 10 | T65: 2 | U65: 3 | V65: 3 | W65: 3 | X65: 4.034 | Y65: 1.501 | Z65: 6.1498 | AA65: 0.13481855 | AB65: N/A | AC65: N/A | AD65: 1.2 | AE65: 1.1 | AF65: 3.1 | AG65: 1.2 | AH65: 1.09 | AI65: 1.1 | AJ65: N/A | AK65: N/A | AL65: 13.8 | AM65: 2.33 | AN65: 1.61 | AO65: 1.08 | AP65: 0.94 | AQ65: 1.76 | AR65: 2.38 | AS65: 3.91 | AT65: 1.08 | AU65: 1.96 | AV65: 1.8 | AW65: 1.713 | AX65: 1.795 | AY65: 1.614 | AZ65: 23.5 | BA65: 1586.15 | BB65: 3546.15 | BC65: 7.9 | BD65: 0.23 | BE65: 10.05 | BF65: 359.4 | BG65: 398 | BH65: 10.6 | BI65: 9.4e-06 | BJ65: 4.14 | BK65: 37.9 | BL65: 22 | BM65: 55 | BN65: 0.57 | BO65: 0.18 | BP65: 1.3e-06 | BQ65: 770000 | BR65: 49000 | BS65: 7.3 | BT65: 36 | BU65: 6 | BV65: 0.16666667 | BW65: 0.998 | BX65: 6.3296921e-06 | BY65: 1.0761678e-11 | BZ65: 9476 | CA65: 3129 | CB65: 191
A66: Tb | B66: [Xe]6s24f9 | C66: 158.92534 | D66: 65 | E66: 6 | F66: 3 | G66: 3 | H66: 1 | I66: 29 | J66: 3 | K66: 2 | L66: 0 | M66: 0 | N66: 9 | O66: 0 | P66: 6 | Q66: 10 | R66: 5 | S66: 11 | T66: 2 | U66: 3 | V66: 3 | W66: 3 | X66: 3.976 | Y66: 1.523 | Z66: 5.8638 | AA66: 1.1542102 | AB66: N/A | AC66: N/A | AD66: 1.2 | AE66: 1.2 | AF66: 3.1 | AG66: 1.21 | AH66: 1.09 | AI66: 1.08 | AJ66: N/A | AK66: N/A | AL66: 17.4 | AM66: 2.25 | AN66: 1.59 | AO66: 1.06 | AP66: 0.92 | AQ66: 1.76 | AR66: 2.37 | AS66: 3.89 | AT66: 1.18 | AU66: 1.94 | AV66: 1.75 | AW66: 1.775 | AX66: 1.773 | AY66: 1.592 | AZ66: 25.5 | BA66: 1638.15 | BB66: 3503.15 | BC66: 8.23 | BD66: 0.18 | BE66: 10.8 | BF66: 330.9 | BG66: 389 | BH66: 11.1 | BI66: 1.03e-05 | BJ66: 4.05 | BK66: 38.7 | BL66: 22 | BM66: 56 | BN66: 0.863 | BO66: 0.677 | BP66: 1.2e-06 | BQ66: 830000 | BR66: 23 | BS66: 0.009 | BT66: 36 | BU66: 1 | BV66: 0.027777778 | BW66: 1 | BX66: 1.2251017e-06 | BY66: 1.9664521e-12 | BZ66: 9476 | CA66: 3129 | CB66: 1800
A67: Dy | B67: [Xe]6s24f10 | C67: 162.5 | D67: 66 | E67: 6 | F67: 3 | G67: 3 | H67: 1 | I67: 31 | J67: 3 | K67: 2 | L67: 0 | M67: 0 | N67: 10 | O67: 0 | P67: 6 | Q67: 10 | R67: 4 | S67: 12 | T67: 2 | U67: 3 | V67: 3 | W67: 3 | X67: 3.963 | Y67: 1.529 | Z67: 5.9389 | AA67: 0.35239546 | AB67: N/A | AC67: N/A | AD67: 1.22 | AE67: 1.15 | AF67: 3.1 | AG67: 1.22 | AH67: 1.09 | AI67: 1.09 | AJ67: N/A | AK67: N/A | AL67: 21.6 | AM67: 2.28 | AN67: 1.59 | AO67: 1.05 | AP67: 1.07 | AQ67: 1.75 | AR67: 2.35 | AS67: 3.67 | AT67: 1.05 | AU67: 1.92 | AV67: 1.75 | AW67: 1.75 | AX67: 1.77 | AY67: 1.589 | AZ67: 24.5 | BA67: 1685.15 | BB67: 2840.15 | BC67: 8.55 | BD67: 0.17 | BE67: 11.06 | BF67: 230.1 | BG67: 291 | BH67: 10.7 | BI67: 1e-05 | BJ67: 3.04 | BK67: 40.5 | BL67: 25 | BM67: 61 | BN67: 0.54 | BO67: 0.5 | BP67: 9.1e-07 | BQ67: 1100000 | BR67: 950 | BS67: 0.2 | BT67: 36 | BU67: 7 | BV67: 0.19444444 | BW67: 1 | BX67: 5.308774e-06 | BY67: 1.2855313e-11 | BZ67: 9476 | CA67: 3129 | CB67: 210
A68: Ho | B68: [Xe]6s24f11 | C68: 164.93032 | D68: 67 | E68: 6 | F68: 3 | G68: 3 | H68: 1 | I68: 33 | J68: 3 | K68: 2 | L68: 0 | M68: 0 | N68: 11 | O68: 0 | P68: 6 | Q68: 10 | R68: 3 | S68: 13 | T68: 2 | U68: 3 | V68: 3 | W68: 3 | X68: 3.994 | Y68: 1.517 | Z68: 6.0215 | AA68: 0.34201291 | AB68: N/A | AC68: N/A | AD68: 1.23 | AE68: 1.2 | AF68: 3.1 | AG68: 1.23 | AH68: 1.09 | AI68: 1.1 | AJ68: N/A | AK68: N/A | AL68: 26.4 | AM68: 2.26 | AN68: 1.58 | AO68: 1.04 | AP68: 0.9 | AQ68: 1.77 | AR68: 2.33 | AS68: 3.65 | AT68: 1.04 | AU68: 1.92 | AV68: 1.75 | AW68: 1.727 | AX68: 1.761 | AY68: 1.58 | AZ68: 23.6 | BA68: 1747.15 | BB68: 2973.15 | BC68: 8.8 | BD68: 0.16 | BE68: 12.2 | BF68: 241 | BG68: 301 | BH68: 16.2 | BI68: 1.12e-05 | BJ68: 3.14 | BK68: 40.2 | BL68: 26 | BM68: 64 | BN68: 0.481 | BO68: 0.746 | BP68: 9.4e-07 | BQ68: 1100000 | BR68: 64 | BS68: 0.015 | BT68: 36 | BU68: 1 | BV68: 0.027777778 | BW68: 1 | BX68: 1.3271935e-06 | BY68: 2.8991308e-12 | BZ68: 9476 | CA68: 3129 | CB68: 740
A69: Er | B69: [Xe]6s24f12 | C69: 167.259 | D69: 68 | E69: 6 | F69: 3 | G69: 3 | H69: 1 | I69: 35 | J69: 3 | K69: 2 | L69: 0 | M69: 0 | N69: 12 | O69: 0 | P69: 6 | Q69: 10 | R69: 2 | S69: 14 | T69: 2 | U69: 3 | V69: 3 | W69: 3 | X69: 4.018 | Y69: 1.507 | Z69: 6.1077 | AA69: 0.31108829 | AB69: N/A | AC69: N/A | AD69: 1.24 | AE69: 1.2 | AF69: 3.1 | AG69: 1.24 | AH69: 1.09 | AI69: 1.11 | AJ69: N/A | AK69: N/A | AL69: 31.9 | AM69: 2.26 | AN69: 1.57 | AO69: 1.03 | AP69: 0.89 | AQ69: 1.75 | AR69: 2.32 | AS69: 3.63 | AT69: 1.03 | AU69: 1.89 | AV69: 1.75 | AW69: 1.703 | AX69: 1.748 | AY69: 1.567 | AZ69: 22.7 | BA69: 1802.15 | BB69: 3141.15 | BC69: 9.07 | BD69: 0.17 | BE69: 19.9 | BF69: 261 | BG69: 317 | BH69: 14.3 | BI69: 1.22e-05 | BJ69: 3.29 | BK69: 44.4 | BL69: 28 | BM69: 70 | BN69: 0.588 | BO69: 0.814 | BP69: 8.6e-07 | BQ69: 1200000 | BR69: 165 | BS69: 0.036 | BT69: 35 | BU69: 6 | BV69: 0.17142857 | BW69: 1 | BX69: 3.5732133e-06 | BY69: 8.1788752e-12 | BZ69: 9476 | CA69: 3129 | CB69: 270
A70: Tm | B70: [Xe]6s24f13 | C70: 168.93421 | D70: 69 | E70: 6 | F70: 3 | G70: 3 | H70: 1 | I70: 37 | J70: 3 | K70: 2 | L70: 0 | M70: 0 | N70: 13 | O70: 0 | P70: 6 | Q70: 10 | R70: 1 | S70: 15 | T70: 2 | U70: 3 | V70: 3 | W70: 3 | X70: 3.921 | Y70: 1.545 | Z70: 6.1843 | AA70: 1.0255372 | AB70: N/A | AC70: N/A | AD70: 1.25 | AE70: 1.2 | AF70: 3.1 | AG70: 1.25 | AH70: 1.09 | AI70: 1.12 | AJ70: N/A | AK70: N/A | AL70: 38.1 | AM70: 2.22 | AN70: 1.56 | AO70: 1.17 | AP70: 1.03 | AQ70: 1.75 | AR70: 2.3 | AS70: 3.6 | AT70: 1.02 | AU70: 1.9 | AV70: 1.75 | AW70: 1.681 | AX70: 1.743 | AY70: 1.562 | AZ70: 21.8 | BA70: 1818.15 | BB70: 2223.15 | BC70: 9.32 | BD70: 0.16 | BE70: 16.84 | BF70: 191 | BG70: 232 | BH70: 16.8 | BI70: 1.33e-05 | BJ70: 2.42 | BK70: 44.5 | BL70: 31 | BM70: 74 | BN70: 0.52 | BO70: 0.471 | BP70: 7e-07 | BQ70: 1400000 | BR70: 105 | BS70: 0.025 | BT70: 35 | BU70: 1 | BV70: 0.028571429 | BW70: 1 | BX70: 5.308774e-07 | BY70: 1.2327013e-12 | BZ70: 9476 | CA70: 3129 | CB70: 4100
A71: Yb | B71: [Xe]6s24f14 | C71: 173.045 | D71: 70 | E71: 6 | F71: 3 | G71: 3 | H71: 1 | I71: 39 | J71: 3 | K71: 2 | L71: 0 | M71: 0 | N71: 14 | O71: 0 | P71: 6 | Q71: 10 | R71: 0 | S71: 16 | T71: 2 | U71: 3 | V71: 2 | W71: 2 | X71: 4.048 | Y71: 1.494 | Z71: 6.2542 | AA71: -0.020743615 | AB71: N/A | AC71: N/A | AD71: 1.1 | AE71: 1.1 | AF71: 3.1 | AG71: 1.26 | AH71: 1.09 | AI71: 1.13 | AJ71: N/A | AK71: N/A | AL71: 45.1 | AM71: 2.22 | AN71: 1.56 | AO71: 1.16 | AP71: 1.02 | AQ71: 1.9 | AR71: 2.28 | AS71: 3.59 | AT71: 1.13 | AU71: 1.97 | AV71: 1.75 | AW71: 1.658 | AX71: 1.933 | AY71: 1.699 | AZ71: 21 | BA71: 1092.15 | BB71: 1469.15 | BC71: 6.97 | BD71: 0.15 | BE71: 7.66 | BF71: 128.9 | BG71: 152 | BH71: 34.9 | BI71: 2.63e-05 | BJ71: 1.6 | BK71: 30.5 | BL71: 10 | BM71: 24 | BN71: 0.206 | BO71: 0.343 | BP71: 2.8e-07 | BQ71: 3600000 | BR71: 35 | BS71: 0.0076 | BT71: 35 | BU71: 7 | BV71: 0.2 | BW71: 1 | BX71: 3.2669379e-06 | BY71: 8.0843029e-12 | BZ71: 9476 | CA71: 3129 | CB71: 530
A72: Lu | B72: [Xe]6s24f145d1 | C72: 174.967 | D72: 71 | E72: 6 | F72: 3 | G72: 2 | H72: 1 | I72: 41 | J72: 3 | K72: 2 | L72: 0 | M72: 1 | N72: 14 | O72: 0 | P72: 6 | Q72: 9 | R72: 0 | S72: 17 | T72: 2 | U72: 1 | V72: 3 | W72: 3 | X72: 4.034 | Y72: 1.501 | Z72: 5.4259 | AA72: 0.34170744 | AB72: N/A | AC72: N/A | AD72: 1.27 | AE72: 1.2 | AF72: 3.1 | AG72: 1.27 | AH72: 1.09 | AI72: 1.12 | AJ72: N/A | AK72: N/A | AL72: 52.9 | AM72: 2.17 | AN72: 1.6 | AO72: 1 | AP72: 0.86 | AQ72: 1.75 | AR72: 2.27 | AS72: 3.37 | AT72: 1 | AU72: 1.87 | AV72: 1.75 | AW72: 1.553 | AX72: 1.738 | AY72: 1.557 | AZ72: 21.9 | BA72: 1936.15 | BB72: 3675.15 | BC72: 9.84 | BD72: 0.15 | BE72: 18.6 | BF72: 355.9 | BG72: 427 | BH72: 16.4 | BI72: 1e-05 | BJ72: 4.43 | BK72: 47.6 | BL72: 27 | BM72: 67 | BN72: 1.16 | BO72: 0.893 | BP72: 5.7e-07 | BQ72: 1800000 | BR72: 85 | BS72: 0.022 | BT72: 35 | BU72: 1 | BV72: 0.028571429 | BW72: 0.9741 | BX72: 8.1673446e-07 | BY72: 1.196829e-12 | BZ72: 9476 | CA72: 3129 | CB72: 6900
A73: Hf | B73: [Xe]6s24f145d2 | C73: 178.49 | D73: 72 | E73: 6 | F73: 4 | G73: 2 | H73: 1 | I73: 45 | J73: 4 | K73: 2 | L73: 0 | M73: 2 | N73: 14 | O73: 0 | P73: 6 | Q73: 8 | R73: 0 | S73: 18 | T73: 2 | U73: 2 | V73: 4 | W73: 4 | X73: 4.298 | Y73: 1.09 | Z73: 6.8251 | AA73: 0.020713505 | AB73: 3.8 | AC73: N/A | AD73: 1.3 | AE73: 1.73 | AF73: 3.8 | AG73: 1.39 | AH73: 1.16 | AI73: 1.2 | AJ73: N/A | AK73: N/A | AL73: 61.3 | AM73: 2.08 | AN73: 1.5 | AO73: 0.85 | AP73: 0.71 | AQ73: 1.58 | AR73: 2.25 | AS73: 2.91 | AT73: 0.85 | AU73: 1.75 | AV73: 1.55 | AW73: 1.476 | AX73: 1.585 | AY73: 1.442 | AZ73: 16.2 | BA73: 2500.15 | BB73: 4873.15 | BC73: 13.3 | BD73: 0.14 | BE73: 24.06 | BF73: 575 | BG73: 619 | BH73: 23 | BI73: 5.9e-06 | BJ73: 6.44 | BK73: 109 | BL73: 30 | BM73: 78 | BN73: 1.76 | BO73: 1.7 | BP73: 3e-07 | BQ73: 3300000 | BR73: 104 | BS73: 0.02 | BT73: 36 | BU73: 5 | BV73: 0.13888889 | BW73: 0.9984 | BX73: 3.0627542e-06 | BY73: 5.0221164e-12 | BZ73: 3410 | CA73: 2595 | CB73: 120
A74: Ta | B74: [Xe]6s24f145d3 | C74: 180.9479 | D74: 73 | E74: 6 | F74: 5 | G74: 2 | H74: 1 | I74: 48 | J74: 4 | K74: 2 | L74: 0 | M74: 3 | N74: 14 | O74: 0 | P74: 6 | Q74: 7 | R74: 0 | S74: 19 | T74: 2 | U74: 3 | V74: 5 | W74: 5 | X74: 4.593 | Y74: 1.341 | Z74: 7.5496 | AA74: 0.30753955 | AB74: 4.11 | AC74: N/A | AD74: 1.5 | AE74: 1.94 | AF74: 4.11 | AG74: 1.79 | AH74: 1.34 | AI74: 1.26 | AJ74: N/A | AK74: N/A | AL74: 71 | AM74: 2 | AN74: 1.38 | AO74: 0.86 | AP74: 0.72 | AQ74: 1.45 | AR74: 2.2 | AS74: 2.79 | AT74: 0.78 | AU74: 1.7 | AV74: 1.45 | AW74: 1.413 | AX74: 1.457 | AY74: 1.343 | AZ74: 13.1 | BA74: 3269.15 | BB74: 5698.15 | BC74: 16.6 | BD74: 0.14 | BE74: 31.6 | BF74: 743 | BG74: 782 | BH74: 57.5 | BI74: 6.3e-06 | BJ74: 8.1 | BK74: 196 | BL74: 67 | BM74: 186 | BN74: 0.873 | BO74: 0.8 | BP74: 1.3e-07 | BQ74: 7700000 | BR74: 20.5 | BS74: 0.0041 | BT74: 36 | BU74: 1 | BV74: 0.027777778 | BW74: 1 | BX74: 2.0418362e-06 | BY74: 6.750507e-13 | BZ74: 2252 | CA74: 4811 | CB74: 120
A75: W | B75: [Xe]6s24f145d4 | C75: 183.84 | D75: 74 | E75: 6 | F75: 6 | G75: 2 | H75: 1 | I75: 51 | J75: 4 | K75: 2 | L75: 0 | M75: 4 | N75: 14 | O75: 0 | P75: 6 | Q75: 6 | R75: 0 | S75: 20 | T75: 2 | U75: 4 | V75: 5.78 | W75: 5.78 | X75: 4.593 | Y75: 1.319 | Z75: 7.864 | AA75: 0.80682597 | AB75: 4.4 | AC75: N/A | AD75: 2.36 | AE75: 1.79 | AF75: 4.4 | AG75: 2.36 | AH75: 1.47 | AI75: 1.31 | AJ75: N/A | AK75: N/A | AL75: 81.4 | AM75: 1.93 | AN75: 1.46 | AO75: 0.8 | AP75: 0.66 | AQ75: 1.35 | AR75: 2.1 | AS75: 2.74 | AT75: 0.74 | AU75: 1.62 | AV75: 1.35 | AW75: 1.36 | AX75: 1.394 | AY75: 1.299 | AZ75: 11.1 | BA75: 3683.15 | BB75: 5933.15 | BC75: 19.3 | BD75: 0.13 | BE75: 35.4 | BF75: 824 | BG75: 849 | BH75: 174 | BI75: 4.5e-06 | BJ75: 8.9 | BK75: 311 | BL75: 161 | BM75: 411 | BN75: 3.43 | BO75: 2.57 | BP75: 5e-08 | BQ75: 20000000 | BR75: 18.4 | BS75: 0.0036 | BT75: 35 | BU75: 5 | BV75: 0.14285714 | BW75: 1 | BX75: 1.2761476e-06 | BY75: 4.3372823e-12 | BZ75: 6981 | CA75: 4297 | CB75: 11
A76: Re | B76: [Xe]6s24f145d5 | C76: 186.207 | D76: 75 | E76: 6 | F76: 7 | G76: 2 | H76: 1 | I76: 54 | J76: 4 | K76: 2 | L76: 0 | M76: 5 | N76: 14 | O76: 0 | P76: 6 | Q76: 5 | R76: 0 | S76: 21 | T76: 2 | U76: 5 | V76: 5.78 | W76: 5.78 | X76: 4.564 | Y76: 1.326 | Z76: 7.8335 | AA76: 0.14430132 | AB76: 4.02 | AC76: N/A | AD76: 1.9 | AE76: 2.06 | AF76: 4.02 | AG76: 2.83 | AH76: 1.6 | AI76: 1.35 | AJ76: N/A | AK76: N/A | AL76: 92.9 | AM76: 1.88 | AN76: 1.59 | AO76: 0.77 | AP76: 0.63 | AQ76: 1.37 | AR76: 2.05 | AS76: 2.68 | AT76: 0.77 | AU76: 1.51 | AV76: 1.35 | AW76: 1.31 | AX76: 1.373 | AY76: 1.278 | AZ76: 9.7 | BA76: 3453.15 | BB76: 5873.15 | BC76: 21 | BD76: 0.13 | BE76: 33.2 | BF76: 715 | BG76: 770 | BH76: 47.9 | BI76: 6.2e-06 | BJ76: 8.03 | BK76: 334 | BL76: 178 | BM76: 463 | BN76: 2.45 | BO76: 1.32 | BP76: 1.8e-07 | BQ76: 5600000 | BR76: 90 | BS76: 0.016 | BT76: 35 | BU76: 1 | BV76: 0.028571429 | BW76: 0.374 | BX76: 7.1464265e-10 | BY76: 1.6859962e-12 | BZ76: 3258 | CA76: 3314 | CB76: 540
A77: Os | B77: [Xe]6s24f145d6 | C77: 190.23 | D77: 76 | E77: 6 | F77: 8 | G77: 2 | H77: 1 | I77: 57 | J77: 4 | K77: 2 | L77: 0 | M77: 6 | N77: 14 | O77: 0 | P77: 6 | Q77: 4 | R77: 0 | S77: 22 | T77: 2 | U77: 5 | V77: 5.78 | W77: 5.78 | X77: 5.648 | Y77: 1.265 | Z77: 8.4382 | AA77: 1.0660896 | AB77: 4.9 | AC77: N/A | AD77: 2.2 | AE77: 1.85 | AF77: 4.9 | AG77: 2.78 | AH77: 1.65 | AI77: 1.39 | AJ77: N/A | AK77: N/A | AL77: 105.3 | AM77: 1.85 | AN77: 1.28 | AO77: 0.77 | AP77: 0.63 | AQ77: 1.35 | AR77: 2 | AS77: 2.65 | AT77: 0.77 | AU77: 1.44 | AV77: 1.3 | AW77: 1.266 | AX77: 1.35 | AY77: 1.255 | AZ77: 8.5 | BA77: 3318.15 | BB77: 5303.15 | BC77: 22.6 | BD77: 0.13 | BE77: 31.8 | BF77: 746 | BG77: 791 | BH77: 87.6 | BI77: 5.1e-06 | BJ77: 8.17 | BK77: 373 | BL77: 222 | BN77: 4.1370639 | BO77: 3.92 | BP77: 8e-08 | BQ77: 12000000 | BR77: 15 | BS77: 0.0023 | BT77: 35 | BU77: 6 | BV77: 0.17142857 | BW77: 0.9841 | BX77: 1.5313771e-09 | BY77: 2.2012523e-11 | BZ77: 5504 | CA77: 9087 | CB77: 7700
A78: Ir | B78: [Xe]6s24f145d7 | C78: 192.217 | D78: 77 | E78: 6 | F78: 9 | G78: 2 | H78: 1 | I78: 60 | J78: 4 | K78: 2 | L78: 0 | M78: 7 | N78: 14 | O78: 0 | P78: 6 | Q78: 3 | R78: 0 | S78: 23 | T78: 2 | U78: 4 | V78: 5.78 | W78: 5.78 | X78: 4.908 | Y78: 1.234 | Z78: 8.967 | AA78: 1.5421606 | AB78: 5.4 | AC78: N/A | AD78: 2.2 | AE78: 1.87 | AF78: 5.4 | AG78: 2.2 | AH78: 1.68 | AI78: 1.43 | AJ78: N/A | AK78: N/A | AL78: 118.8 | AM78: 1.8 | AN78: 1.37 | AO78: 0.82 | AP78: 0.68 | AQ78: 1.36 | AR78: 2 | AS78: 2.63 | AT78: 0.77 | AU78: 1.41 | AV78: 1.35 | AW78: 1.227 | AX78: 1.355 | AY78: 1.26 | AZ78: 7.6 | BA78: 2683.15 | BB78: 4403.15 | BC78: 22.4 | BD78: 0.13 | BE78: 26.1 | BF78: 604 | BG78: 665 | BH78: 147 | BI78: 6.4e-06 | BJ78: 6.94 | BK78: 371 | BL78: 210 | BM78: 528 | BN78: 1.76 | BO78: 1.67 | BP78: 4.7e-08 | BQ78: 21000000 | BR78: 425 | BS78: 0.081 | BT78: 36 | BU78: 2 | BV78: 0.055555556 | BW78: 1 | BX78: 1.0209181e-09 | BY78: 2.1555967e-11 | BZ78: 5504 | CA78: 9087 | CB78: 4200
A79: Pt | B79: [Xe]6s14f145d9 | C79: 195.084 | D79: 78 | E79: 6 | F79: 10 | G79: 2 | H79: 1 | I79: 63 | J79: 4 | K79: 1 | L79: 0 | M79: 9 | N79: 14 | O79: 1 | P79: 6 | Q79: 1 | R79: 0 | S79: 24 | T79: 1 | U79: 3 | V79: 5.78 | W79: 5.78 | X79: 4.883 | Y79: 1.241 | Z79: 8.9588 | AA79: 2.1158456 | AB79: 5.6 | AC79: N/A | AD79: 2.28 | AE79: 1.91 | AF79: 5.6 | AG79: 2.28 | AH79: 1.72 | AI79: 1.49 | AJ79: N/A | AK79: N/A | AL79: 133.4 | AM79: 1.77 | AN79: 1.28 | AO79: 0.94 | AP79: 0.8 | AQ79: 1.39 | AR79: 1.75 | AS79: 2.7 | AT79: 0.74 | AU79: 1.36 | AV79: 1.35 | AW79: 1.221 | AX79: 1.385 | AY79: 1.29 | AZ79: 6.5 | BA79: 2045.15 | BB79: 4100.15 | BC79: 21.4 | BD79: 0.13 | BE79: 19.6 | BF79: 510 | BG79: 565 | BH79: 71.6 | BI79: 8.9e-06 | BJ79: 5.84 | BK79: 276 | BL79: 61 | BM79: 168 | BN79: 0.549 | BO79: 0.392 | BP79: 1.1e-07 | BQ79: 9400000 | BR79: 10 | BS79: 0.002 | BT79: 37 | BU79: 5 | BV79: 0.13513514 | BW79: 0.9999 | BX79: 5.1045904e-09 | BY79: 4.3698935e-11 | BZ79: 5504 | CA79: 9087 | CB79: 4700
A80: Au | B80: [Xe]6s14f145d10 | C80: 196.96654 | D80: 79 | E80: 6 | F80: 11 | G80: 2 | H80: 1 | I80: 66 | J80: 4 | K80: 1 | L80: 0 | M80: 10 | N80: 14 | O80: 1 | P80: 6 | Q80: 0 | R80: 0 | S80: 25 | T80: 1 | U80: 2 | V80: 5.44 | W80: 5.44 | X80: 4.938 | Y80: 1.227 | Z80: 9.2255 | AA80: 2.3115579 | AB80: 5.77 | AC80: N/A | AD80: 2.54 | AE80: 1.19 | AF80: 5.77 | AG80: 2.54 | AH80: 1.92 | AI80: 1.53 | AJ80: N/A | AK80: 3.1 | AL80: 149.1 | AM80: 1.74 | AN80: 1.44 | AO80: 1.51 | AP80: 1.37 | AQ80: 1.43 | AR80: 1.66 | AS80: 2.66 | AT80: 1.51 | AU80: 1.36 | AV80: 1.35 | AW80: 1.187 | AX80: 1.439 | AY80: 1.336 | AZ80: 6.1 | BA80: 1337.15 | BB80: 3353.15 | BC80: 19.3 | BD80: 0.128 | BE80: 12.55 | BF80: 334.4 | BG80: 366 | BH80: 317 | BI80: 1.42e-05 | BJ80: 3.81 | BK80: 171 | BL80: 27 | BM80: 78 | BN80: 0.216 | BO80: 2.45 | BP80: 2.2e-08 | BQ80: 45000000 | BR80: 98.7 | BS80: 0.017 | BT80: 37 | BU80: 1 | BV80: 0.027027027 | BW80: 1 | BX80: 4.0836723e-09 | BY80: 6.0982841e-12 | BZ80: 1119 | CA80: 1040 | CB80: 4400
A81: Hg | B81: [Xe]6s24f145d10 | C81: 200.592 | D81: 80 | E81: 6 | F81: 12 | G81: 2 | H81: 1 | I81: 71 | J81: 4 | K81: 2 | L81: 0 | M81: 10 | N81: 14 | O81: 0 | P81: 6 | Q81: 0 | R81: 0 | S81: 26 | T81: 2 | U81: 1 | V81: 4.44 | W81: 4.44 | X81: 4.04 | Y81: 1.506 | Z81: 10.4375 | AA81: -0.51824727 | AB81: 4.91 | AC81: N/A | AD81: 2 | AE81: 1.49 | AF81: 4.91 | AG81: 2 | AH81: 1.76 | AI81: 1.54 | AJ81: N/A | AK81: 1 | AL81: 166 | AM81: 1.71 | AN81: 1.49 | AO81: 1.33 | AP81: 1.19 | AQ81: 1.52 | AR81: 1.55 | AS81: 2.41 | AT81: 0.83 | AU81: 1.32 | AV81: 1.5 | AW81: 1.126 | AX81: 1.57 | AY81: 1.44 | AZ81: 5.4 | BA81: 234.25 | BB81: 630.15 | BC81: 13.5 | BD81: 0.139 | BE81: 2.295 | BF81: 59.229 | BG81: 61 | BH81: 8.34 | BI81: 0.000181 | BJ81: 0.67 | BK81: 38.2 | BL81: N/A | BM81: N/A | BN81: N/A | BO81: N/A | BP81: 9.6e-07 | BQ81: 1000000 | BR81: 374 | BS81: 0.063 | BT81: 40 | BU81: 7 | BV81: 0.175 | BW81: 0.374 | BX81: 8.6778037e-08 | BY81: 1.1087789e-11 | BZ81: 5505 | CA81: 3054 | CB81: 5
A82: Tl | B82: [Xe]6s24f145d106p1 | C82: 204.3833 | D82: 81 | E82: 6 | F82: 13 | G82: 1 | H82: 1 | I82: 76 | J82: 5 | K82: 2 | L82: 1 | M82: 10 | N82: 14 | O82: 0 | P82: 5 | Q82: 0 | R82: 0 | S82: 27 | T82: 3 | U82: 3 | V82: 3.44 | W82: 3.44 | X82: 4.07 | Y82: 1.506 | Z82: 6.1082 | AA82: 0.3733365 | AB82: 3.2 | AC82: N/A | AD82: 1.62 | AE82: 1.69 | AF82: 3.2 | AG82: 2.04 | AH82: 1.789 | AI82: 1.59 | AJ82: N/A | AK82: 1.3 | AL82: 3.3 | AM82: 1.56 | AN82: 1.48 | AO82: 1.64 | AP82: 1.5 | AQ82: 1.72 | AR82: 1.96 | AS82: 2.24 | AT82: 1.03 | AU82: 1.45 | AV82: 1.9 | AW82: 1.319 | AX82: 1.712 | AY82: 1.549 | AZ82: 7.6 | BA82: 576.15 | BB82: 1730.15 | BC82: 11.9 | BD82: 0.13 | BE82: 4.142 | BF82: 164.1 | BG82: 182 | BH82: 46.1 | BI82: 2.99e-05 | BJ82: 1.88 | BK82: 28.5 | BL82: 2.8 | BM82: 8 | BN82: N/A | BO82: 0.0264 | BP82: 1.5e-07 | BQ82: 6700000 | BR82: 3.4 | BS82: 0.00059 | BT82: 37 | BU82: 2 | BV82: 0.054054054 | BW82: -0.252 | BX82: 8.6778037e-07 | BY82: 6.0004507e-12 | BZ82: 6500 | CA82: 6500 | CB82: 48
A83: Pb | B83: [Xe]6s24f145d106p2 | C83: 207.2 | D83: 82 | E83: 6 | F83: 14 | G83: 1 | H83: 1 | I83: 81 | J83: 5 | K83: 2 | L83: 2 | M83: 10 | N83: 14 | O83: 0 | P83: 4 | Q83: 0 | R83: 0 | S83: 28 | T83: 4 | U83: 4 | V83: 2.44 | W83: 2.44 | X83: 4.426 | Y83: 1.368 | Z83: 7.4167 | AA83: 0.35218966 | AB83: 3.9 | AC83: N/A | AD83: 1.87 | AE83: 1.92 | AF83: 3.9 | AG83: 2.33 | AH83: 1.854 | AI83: 1.76 | AJ83: N/A | AK83: 1.5 | AL83: 4.77 | AM83: 1.54 | AN83: 1.47 | AO83: 1.33 | AP83: 1.19 | AQ83: 1.74 | AR83: 2.02 | AS83: 2.09 | AT83: 1.49 | AU83: 1.46 | AV83: 1.8 | AW83: 1.215 | AX83: 1.746 | AY83: 1.538 | AZ83: 6.8 | BA83: 600.65 | BB83: 2013.15 | BC83: 11.4 | BD83: 0.13 | BE83: 4.799 | BF83: 177.7 | BG83: 196 | BH83: 35.3 | BI83: 2.89e-05 | BJ83: 2.03 | BK83: 45.8 | BL83: 5.6 | BM83: 16 | BN83: N/A | BO83: 0.0383 | BP83: 2.1e-07 | BQ83: 4800000 | BR83: 0.171 | BS83: 3e-05 | BT83: 38 | BU83: 4 | BV83: 0.10526316 | BW83: -0.878 | BX83: 1.4292853e-07 | BY83: 1.0272511e-10 | BZ83: 2716 | CA83: 1781 | CB83: 1.5
A84: Bi | B84: [Xe]6s24f145d106p3 | C84: 208.98037 | D84: 83 | E84: 6 | F84: 15 | G84: 1 | H84: 1 | I84: 86 | J84: 5 | K84: 2 | L84: 3 | M84: 10 | N84: 14 | O84: 0 | P84: 3 | Q84: 0 | R84: 0 | S84: 29 | T84: 5 | U84: 5 | V84: 3 | W84: 3 | X84: 4.389 | Y84: 1.368 | Z84: 7.2855 | AA84: 0.94307326 | AB84: 4.69 | AC84: N/A | AD84: 2.02 | AE84: 2.14 | AF84: 4.69 | AG84: 2.02 | AH84: 2.01 | AI84: 1.83 | AJ84: N/A | AK84: 1.8 | AL84: 6.61 | AM84: 1.43 | AN84: 1.46 | AO84: 1.17 | AP84: 1.03 | AQ84: 1.62 | AR84: 2.3 | AS84: 2 | AT84: 1.17 | AU84: 1.48 | AV84: 1.6 | AW84: 1.295 | AX84: 1.7 | AY84: 1.52 | AZ84: 7.4 | BA84: 544.15 | BB84: 1833.15 | BC84: 9.75 | BD84: 0.12 | BE84: 11.3 | BF84: 104.8 | BG84: 207 | BH84: 7.87 | BI84: 1.34e-05 | BJ84: 2.18 | BK84: 31.5 | BL84: 12 | BM84: 32 | BN84: N/A | BO84: 0.0942 | BP84: 1.3e-06 | BQ84: 770000 | BR84: 0.034 | BS84: 6e-06 | BT84: 36 | BU84: 0 | BV84: 0 | BW84: 0 | BX84: 8.6778037e-09 | BY84: 4.6960049e-12 | BZ84: 5296 | CA84: 5993 | CB84: 11
A85: Th | B85: [Rn]7s26d2 | C85: 232.0381 | D85: 90 | E85: 7 | F85: 3 | G85: 2 | H85: 1 | I85: 16 | J85: 3 | K85: 2 | L85: 0 | M85: 2 | N85: 0 | O85: 0 | P85: 6 | Q85: 8 | R85: 14 | S85: 4 | T85: 2 | U85: 2 | V85: 4 | W85: 4 | X85: 4.679 | Y85: 1.762 | Z85: 6.3067 | AA85: 1.2140666 | AB85: N/A | AC85: N/A | AD85: 1.3 | AE85: 1.3 | AF85: 2.8784 | AG85: 3.2 | AH85: 1.11 | AI85: 1.03 | AJ85: N/A | AK85: N/A | AL85: 0.752 | AM85: 1.8 | AN85: 2.06 | AO85: 1.08 | AP85: 0.94 | AQ85: 1.78 | AR85: 2.4 | AS85: 4.98 | AT85: 1.19 | AU85: 2.06 | AV85: 1.8 | AW85: 1.788 | AX85: 1.795 | AY85: 1.652 | AZ85: 32.1 | BA85: 2023.15 | BB85: 5063.15 | BC85: 11.7 | BD85: 0.12 | BE85: 16.1 | BF85: 514.4 | BG85: 576 | BH85: 54 | BI85: 1.1e-05 | BJ85: 6.2 | BK85: 54 | BL85: 31 | BM85: 79 | BN85: 0.35 | BO85: 0.4 | BP85: 1.5e-07 | BQ85: 6700000 | BR85: 7.4 | BS85: 0.001 | BT85: 30 | BU85: 1 | BV85: 0.033333333 | BW85: 1 | BX85: 9.8008136e-06 | BY85: 1.0924734e-12 | BZ85: N/A | CA85: N/A | CB85: 9000
A86: U | B86: [Rn]7s25f36d1 | C86: 238.0289 | D86: 92 | E86: 7 | F86: 3 | G86: 3 | H86: 1 | I86: 20 | J86: 3 | K86: 2 | L86: 0 | M86: 1 | N86: 3 | O86: 0 | P86: 6 | Q86: 9 | R86: 11 | S86: 6 | T86: 2 | U86: 3 | V86: 5.78 | W86: 5.78 | X86: 4.721 | Y86: 1.746 | Z86: 6.1941 | AA86: 0.52825936 | AB86: N/A | AC86: N/A | AD86: 1.38 | AE86: 1.7 | AF86: 3.3168 | AG86: 3.4 | AH86: 1.22 | AI86: 1.06 | AJ86: N/A | AK86: N/A | AL86: 2.92 | AM86: 1.75 | AN86: 1.96 | AO86: 1.17 | AP86: 1.025 | AQ86: 1.58 | AR86: 1.86 | AS86: 4.72 | AT86: 0.87 | AU86: 1.96 | AV86: 1.75 | AW86: 1.775 | AX86: 1.516 | AY86: 1.421 | AZ86: 27.4 | BA86: 1405.15 | BB86: 4091.15 | BC86: 19 | BD86: 0.12 | BE86: 14 | BF86: 477 | BG86: 490 | BH86: 27.6 | BI86: 1.39e-05 | BJ86: 5.55 | BK86: 97.9 | BL86: 111 | BM86: 208 | BN86: 1.96 | BO86: 2.4 | BP86: 2.8e-07 | BQ86: 3600000 | BR86: 7.57 | BS86: 0.0005 | BT86: 26 | BU86: 0 | BV86: 0 | BW86: 0 | BX86: 2.7564788e-06 | BY86: 2.9350031e-13 | BZ86: N/A | CA86: N/A | CB86: 6000
A87: ZERO | B87: 0 | C87: 0 | D87: 0 | E87: 0 | F87: 0 | G87: 0 | H87: 0 | I87: 0 | J87: 0 | K87: 0 | L87: 0 | M87: 0 | N87: 0 | O87: 0 | P87: 0 | Q87: 0 | R87: 0 | S87: 0 | T87: 0 | U87: 0 | V87: 0 | W87: 0 | X87: 0 | Y87: 0 | Z87: 0 | AA87: 0 | AB87: 0 | AC87: 0 | AD87: 0 | AE87: 0 | AF87: 0 | AG87: 0 | AH87: 0 | AI87: 0 | AJ87: 0 | AK87: 0 | AL87: 0 | AM87: 0 | AN87: 0 | AO87: 0 | AP87: 0 | AQ87: 0 | AR87: 0 | AS87: 0 | AT87: 0 | AU87: 0 | AV87: 0 | AW87: 0 | AX87: 0 | AY87: 0 | AZ87: 0 | BA87: 0 | BB87: 0 | BC87: 0 | BD87: 0 | BE87: 0 | BF87: 0 | BG87: 0 | BH87: 0 | BI87: 0 | BJ87: 0 | BK87: 0 | BL87: 0 | BM87: 0 | BN87: 0 | BO87: 0 | BP87: 0 | BQ87: 0 | BR87: 0 | BS87: 0 | BT87: 0 | BU87: 0 | BV87: 0 | BW87: 0 | BX87: 0 | BY87: 0 | BZ87: 0 | CA87: 0 | CB87: 0

Sheet Features
A1: Composition | B1: Feature 1 Atomic weight average | C1: Feature 2 Atomic weight Sum | D1: Feature 3 Atomic weight variance | E1: Feature 4 Atomic weight max | F1: Feature 5 Atomic weight mim | G1: Feature 6 Atomic weight diference | H1: Feature 7 Atomic number average | I1: Feature 8 Atomic number sum | J1: Feature 9 Atomic number variance | K1: Feature 10 Atomic number max | L1: Feature 11 Atomic number mim | M1: Feature 12 Atomic number diference | N1: Feature 13 Period avarage | O1: Feature 14 Period sum | P1: Feature 15 Period variance | Q1: Feature 16 Period max | R1: Feature 17 Period mim | S1: Feature 18 Period diference | T1: Feature 19 Group avarage | U1: Feature 20 Group sum | V1: Feature 21 Group variance | W1: Feature 22 Group max | X1: Feature 23 Group mim | Y1: Feature 24 Group diference | Z1: Feature 25 Mendeleev number avarage | AA1: Feature 26 Mendeleev number sum | AB1: Feature 27 Mendeleev number variance | AC1: Feature 28 Mendeleev number max | AD1: Feature 29 Mendeleev number mim | AE1: Feature 30 Mendeleev number diference | AF1: Feature 31 Families avarage | AG1: Feature 32 Families sum | AH1: Feature 33 Families variance | AI1: Feature 34 Families max | AJ1: Feature 35 Families mim | AK1: Feature 36 Families diference | AL1: Feature 37 valence s avarage | AM1: Feature 38 valence s sum | AN1: Feature 39 valence s variance | AO1: Feature 40 valence s max | AP1: Feature 41 valence s mim | AQ1: Feature 42 valence s diference | AR1: Feature 43 valence p avarage | AS1: Feature 44 valence p sum | AT1: Feature 45 valence s variance | AU1: Feature 46 valence p max | AV1: Feature 47 valence p mim | AW1: Feature 48 valence p diference | AX1: Feature 49 valence d avarage | AY1: Feature 50 valence d sum | AZ1: Feature 51 valence d variance | BA1: Feature 52 valence d max | BB1: Feature 53 valence d mim | BC1: Feature 54 valence d diference | BD1: Feature 55 valence f avarage | BE1: Feature 56 valence f sum | BF1: Feature 57 valence f variance | BG1: Feature 58 valence f max | BH1: Feature 59 valence f mim | BI1: Feature 60 valence f diference | BJ1: Feature 61 no. of valence electrons avarage | BK1: Feature 62 no. of valence electrons sum | BL1: Feature 63 no. of valence electrons variance | BM1: Feature 64 no. of valence electrons max | BN1: Feature 65 no. of valence electrons mim | BO1: Feature 66 no. of valence electrons diference | BP1: Feature 67 outer shell electrons avarage | BQ1: Feature 68 outer shell electrons sum | BR1: Feature 69 outer shell electrons variance | BS1: Feature 70 outer shell electrons max | BT1: Feature 71 outer shell electrons mim | BU1: Feature 72 no. of valence electrons diference | BV1: Feature 73 Gilman no. of valence electrons avarage | BW1: Feature 74 Gilman no. of valence electrons sum | BX1: Feature 75 Gilman no. of valence electrons variance | BY1: Feature 76 Gilman no. of valence electrons max | BZ1: Feature 77 Gilman no. of valence electrons mim | CA1: Feature 78 Gilman no. of valence electrons diference | CB1: Feature 79 Metallic valence avarage | CC1: Feature 80 Metallic valence sum | CD1: Feature 81 Metallic valencevariance | CE1: Feature 82 Metallic valence max | CF1: Feature 83 Metallic valence mim | CG1: Feature 84 Metallic valence diference | CH1: Feature 85 Ionization energy (eV) avarage | CI1: Feature 86 Ionization energy (eV) sum | CJ1: Feature 87 Ionization energy (eV) variance | CK1: Feature 88 Ionization energy (eV) max | CL1: Feature 89 Ionization energy (eV) mim | CM1: Feature 90 Ionization energy (eV) diference | CN1: Feature 91 Pauling EM avarage | CO1: Feature 92 Pauling EN sum | CP1: Feature 93 Pauling EN variance | CQ1: Feature 94 Pauling EM max | CR1: Feature 95 Pauling EM mim | CS1: Feature 96 Pauling EN diference | CT1: Feature 97 Martynov Batsanov EN avarage | CU1: Feature 98 Martynov Batsanov EN sum | CV1: Feature 99 Martynov Batsanov EN variance | CW1: Feature 100 Martynov Batsanov EN max | CX1: Feature 101 Martynov Batsanov EN mim | CY1: Feature 102 Martynov Batsanov EN diference | CZ1: Feature 103 Mulliken EM avarage | DA1: Feature 104 Mulliken EN sum | DB1: Feature 105 Mulliken EM variance | DC1: Feature 106 Mulliken EM max | DD1: Feature 107 Mulliken EM mim | DE1: Feature 108 Mulliken EM diference | DF1: Feature 109 Allred Rockow EN avarage | DG1: Feature 110 Allred Rockow EN sum | DH1: Feature 111 Allred Rockow EN variance | DI1: Feature 112 Allred Rockow EN max | DJ1: Feature 113 Allred Rockow EN mim | DK1: Feature 114 Allred Rockow EN diference | DL1: Feature 121 Atomic radius calculated avarage | DM1: Feature 122 Atomic radius calculated sum | DN1: Feature 123 Atomic radius calculated variance | DO1: Feature 124 Atomic radius calculated max | DP1: Feature 125 Atomic radius calculated mim | DQ1: Feature 126 Atomic radius calculated diference | DR1: Feature 127 Covalent radius avarage | DS1: Feature 128 Covalent radius sum | DT1: Feature 129 Covalent radius variance | DU1: Feature 130 Covalent radius max | DV1: Feature 131 Covalent radius mim | DW1: Feature 132 Covalent radius diference | DX1: Feature 133 Ionic radius avarage | DY1: Feature 134 Ionic radius sum | DZ1: Feature 135 Ionic radius variance | EA1: Feature 136 Ionic radius max | EB1: Feature 137 Ionic radius mim | EC1: Feature 138 Ionic radius diference | ED1: Feature 139 Zunger radii sum avarage | EE1: Feature 140 Zunger radii sum sum | EF1: Feature 141 Zunger radii sum variance | EG1: Feature 142 Zunger radii sum max | EH1: Feature 143 Zunger radii sum mim | EI1: Feature 144 Zunger radii sum diference | EJ1: Feature 145 Crystal radius avarage | EK1: Feature 146 Crystal radius sum | EL1: Feature 147 Crystal radius variance | EM1: Feature 148 Crystal radius max | EN1: Feature 149 Crystal radius mim | EO1: Feature 150 Crystal radius diference | EP1: Feature 151 polarizability, A^3 avarage | EQ1: Feature 152 polarizability, A^3 sum | ER1: Feature 153 polarizability, A^3 variance | ES1: Feature 154 polarizability, A^3 max | ET1: Feature 155 polarizability, A^3 mim | EU1: Feature 156 polarizability, A^3 diference | EV1: Feature 157 Melting point, K avarage | EW1: Feature 158 Melting point, K sum | EX1: Feature 159 Melting point, K variance | EY1: Feature 160 Melting point, K max | EZ1: Feature 161 pMelting point, K mim | FA1: Feature 162 Melting point, K diference | FB1: Feature 163 Boiling point, K avarage | FC1: Feature 164 Boiling point, K sum | FD1: Feature 165 Boiling point, K variance | FE1: Feature 166 Boiling point, K max | FF1: Feature 167 Boiling point, K mim | FG1: Feature 168 Boiling point, K diference | FH1: Feature 169 Density, g/mL avarage | FI1: Feature 170 Density, g/mL sum | FJ1: Feature 171 Density, g/mL variance | FK1: Feature 172 Density, g/mL max | FL1: Feature 173 Density, g/mL mim | FM1: Feature 174 Density, g/mL diference | FN1: Feature 175 Specific heat, J/g K avarage | FO1: Feature 176 Specific heat, J/g K sum | FP1: Feature 177 Specific heat, J/g K variance | FQ1: Feature 178 Specific heat, J/g K max | FR1: Feature 179 Specific heat, J/g K mim | FS1: Feature 180 Specific heat, J/g K diference | FT1: Feature 181 Heat of fusion, kJ/mol avarage | FU1: Feature 182 Heat of fusion, kJ/mol sum | FV1: Feature 183 Heat of fusion, kJ/mol variance | FW1: Feature 184 Heat of fusion, kJ/mol max | FX1: Feature 185 Heat of fusion, kJ/mol mim | FY1: Feature 186 Heat of fusion, kJ/mol diference | FZ1: Feature 187 Thermal conductivity, W/m K avarage | GA1: Feature 188 Thermal conductivity, W/m K sum | GB1: Feature 189 Thermal conductivity, W/m K variance | GC1: Feature 190 Thermal conductivity, W/m K max | GD1: Feature 191 Thermal conductivity, W/m K mim | GE1: Feature 192 Thermal conductivity, W/m K diference | GF1: Feature 193 Cohesive energy avarage | GG1: Feature 194 Cohesive energy sum | GH1: Feature 195 Cohesive energy variance | GI1: Feature 196 Cohesive energy max | GJ1: Feature 197 Cohesive energy mim | GK1: Feature 198 Cohesive energy diference | GL1: Feature 199 Space group number | GM1: Feature 200 Crystal system | GN1: Feature 216 Concentration 2
A2: =Formula!A2 -> Na4Ca(PO3)6 | B2: =((Formula!C2)/(Formula!C2+Formula!E2+Formula!G2+Formula!I2+Formula!K2))*(INDEX(Properties!A$1:CB$87,Formula!B2,3))+((Formula!E2)/(Formula!C2+Formula!E2+Formula!G2+Formula!I2+Formula!K2))*(INDEX(Properties!A$1:CB$87,Formula!D2,3))+((Formula!G2)/(Formula!C2+Formula!E2+Formula!G2+Formula!I2+Formula!K2))*(INDEX(Properties!A$1:CB$87,Formula!F2,3))+((Formula!I2)/(Formula!C2+Formula!E2+Formula!G2+Formula!I2+Formula!K2))*(INDEX(Properties!A$1:CB$87,Formula!H2,3))+((Formula!K2)/(Formula!C2+Formula!E2+Formula!G2+Formula!I2+Formula!K2))*(INDEX(Properties!A$1:CB$87,Formula!J2,3)) -> 20.892029 | C2: =Formula!C2*(INDEX(Properties!A$1:CB$87,Formula!B2,3))+Formula!E2*(INDEX(Properties!A$1:CB$87,Formula!D2,3))+Formula!G2*(INDEX(Properties!A$1:CB$87,Formula!F2,3))+Formula!I2*(INDEX(Properties!A$1:CB$87,Formula!H2,3))+Formula!K2*(INDEX(Properties!A$1:CB$87,Formula!J2,3)) -> 605.86884 | D2: =VARP(IF(INDEX(Properties!A$1:CB$87,Formula!B2,3)<>"",INDEX(Properties!A$1:CB$87,Formula!B2,3)),IF(INDEX(Properties!A$1:CB$87,Formula!D2,3)<>"",INDEX(Properties!A$1:CB$87,Formula!D2,3)),IF(INDEX(Properties!A$1:CB$87,Formula!F2,3)<>"",INDEX(Properties!A$1:CB$87,Formula!F2,3)),IF(INDEX(Properties!A$1:CB$87,Formula!H2,3)<>"",INDEX(Properties!A$1:CB$87,Formula!H2,3)),IF(INDEX(Properties!A$1:CB$87,Formula!J2,3)<>"",INDEX(Properties!A$1:CB$87,Formula!J2,3))) -> 185.6658 | E2: =MAX(INDEX(Properties!A$1:CB$87,Formula!B2,3),INDEX(Properties!A$1:CB$87,Formula!D2,3),INDEX(Properties!A$1:CB$87,Formula!F2,3),INDEX(Properties!A$1:CB$87,Formula!H2,3),INDEX(Properties!A$1:CB$87,Formula!J2,3)) -> 40.078 | F2: =MIN(IF(INDEX(Properties!A$1:CB$87,Formula!B2,3)=0,10^6,INDEX(Properties!A$1:CB$87,Formula!B2,3)),IF(INDEX(Properties!A$1:CB$87,Formula!D2,3)=0,10^6,INDEX(Properties!A$1:CB$87,Formula!D2,3)),IF(INDEX(Properties!A$1:CB$87,Formula!F2,3)=0,10^6,INDEX(Properties!A$1:CB$87,Formula!F2,3)),IF(INDEX(Properties!A$1:CB$87,Formula!H2,3)=0,10^6,INDEX(Properties!A$1:CB$87,Formula!H2,3)),IF(INDEX(Properties!A$1:CB$87,Formula!J2,3)=0,10^6,INDEX(Properties!A$1:CB$87,Formula!J2,3))) -> 15.9994 | G2: =ABS(E2-F2) -> 24.0786 | H2: =((Formula!C2)/(Formula!C2+Formula!E2+Formula!G2+Formula!I2+Formula!K2))*(INDEX(Properties!A$1:CB$87,Formula!B2,4))+((Formula!E2)/(Formula!C2+Formula!E2+Formula!G2+Formula!I2+Formula!K2))*(INDEX(Properties!A$1:CB$87,Formula!D2,4))+((Formula!G2)/(Formula!C2+Formula!E2+Formula!G2+Formula!I2+Formula!K2))*(INDEX(Properties!A$1:CB$87,Formula!F2,4))+((Formula!I2)/(Formula!C2+Formula!E2+Formula!G2+Formula!I2+Formula!K2))*(INDEX(Properties!A$1:CB$87,Formula!H2,4))+((Formula!K2)/(Formula!C2+Formula!E2+Formula!G2+Formula!I2+Formula!K2))*(INDEX(Properties!A$1:CB$87,Formula!J2,4)) -> 10.275862 | I2: =Formula!C2*(INDEX(Properties!A$1:CB$87,Formula!B2,4))+Formula!E2*(INDEX(Properties!A$1:CB$87,Formula!D2,4))+Formula!G2*(INDEX(Properties!A$1:CB$87,Formula!F2,4))+Formula!I2*(INDEX(Properties!A$1:CB$87,Formula!H2,4))+Formula!K2*(INDEX(Properties!A$1:CB$87,Formula!J2,4)) -> 298 | J2: =VARP(IF(INDEX(Properties!A$1:CB$87,Formula!B2,4)<>"",INDEX(Properties!A$1:CB$87,Formula!B2,4)),IF(INDEX(Properties!A$1:CB$87,Formula!D2,4)<>"",INDEX(Properties!A$1:CB$87,Formula!D2,4)),IF(INDEX(Properties!A$1:CB$87,Formula!F2,4)<>"",INDEX(Properties!A$1:CB$87,Formula!F2,4)),IF(INDEX(Properties!A$1:CB$87,Formula!H2,4)<>"",INDEX(Properties!A$1:CB$87,Formula!H2,4)),IF(INDEX(Properties!A$1:CB$87,Formula!J2,4)<>"",INDEX(Properties!A$1:CB$87,Formula!J2,4))) -> 45.36 | K2: =MAX(INDEX(Properties!A$1:CB$87,Formula!B2,4),INDEX(Properties!A$1:CB$87,Formula!D2,4),INDEX(Properties!A$1:CB$87,Formula!F2,4),INDEX(Properties!A$1:CB$87,Formula!H2,4),INDEX(Properties!A$1:CB$87,Formula!J2,4)) -> 20 | L2: =MIN(IF(INDEX(Properties!A$1:CB$87,Formula!B2,4)=0,10^6,INDEX(Properties!A$1:CB$87,Formula!B2,4)),IF(INDEX(Properties!A$1:CB$87,Formula!D2,4)=0,10^6,INDEX(Properties!A$1:CB$87,Formula!D2,4)),IF(INDEX(Properties!A$1:CB$87,Formula!F2,4)=0,10^6,INDEX(Properties!A$1:CB$87,Formula!F2,4)),IF(INDEX(Properties!A$1:CB$87,Formula!H2,4)=0,10^6,INDEX(Properties!A$1:CB$87,Formula!H2,4)),IF(INDEX(Properties!A$1:CB$87,Formula!J2,4)=0,10^6,INDEX(Properties!A$1:CB$87,Formula!J2,4))) -> 8 | M2: =ABS(K2-L2) -> 12 | N2: =((Formula!C2)/(Formula!C2+Formula!E2+Formula!G2+Formula!I2+Formula!K2))*(INDEX(Properties!A$1:CB$87,Formula!B2,5))+((Formula!E2)/(Formula!C2+Formula!E2+Formula!G2+Formula!I2+Formula!K2))*(INDEX(Properties!A$1:CB$87,Formula!D2,5))+((Formula!G2)/(Formula!C2+Formula!E2+Formula!G2+Formula!I2+Formula!K2))*(INDEX(Properties!A$1:CB$87,Formula!F2,5))+((Formula!I2)/(Formula!C2+Formula!E2+Formula!G2+Formula!I2+Formula!K2))*(INDEX(Properties!A$1:CB$87,Formula!H2,5))+((Formula!K2)/(Formula!C2+Formula!E2+Formula!G2+Formula!I2+Formula!K2))*(INDEX(Properties!A$1:CB$87,Formula!J2,5)) -> 2.4137931 | O2: =Formula!C2*(INDEX(Properties!A$1:CB$87,Formula!B2,5))+Formula!E2*(INDEX(Properties!A$1:CB$87,Formula!D2,5))+Formula!G2*(INDEX(Properties!A$1:CB$87,Formula!F2,5))+Formula!I2*(INDEX(Properties!A$1:CB$87,Formula!H2,5))+Formula!K2*(INDEX(Properties!A$1:CB$87,Formula!J2,5)) -> 70 | P2: =VARP(IF(INDEX(Properties!A$1:CB$87,Formula!B2,5)<>"",INDEX(Properties!A$1:CB$87,Formula!B2,5)),IF(INDEX(Properties!A$1:CB$87,Formula!D2,5)<>"",INDEX(Properties!A$1:CB$87,Formula!D2,5)),IF(INDEX(Properties!A$1:CB$87,Formula!F2,5)<>"",INDEX(Properties!A$1:CB$87,Formula!F2,5)),IF(INDEX(Properties!A$1:CB$87,Formula!H2,5)<>"",INDEX(Properties!A$1:CB$87,Formula!H2,5)),IF(INDEX(Properties!A$1:CB$87,Formula!J2,5)<>"",INDEX(Properties!A$1:CB$87,Formula!J2,5))) -> 1.84 | Q2: =MAX(INDEX(Properties!A$1:CB$87,Formula!B2,5),INDEX(Properties!A$1:CB$87,Formula!D2,5),INDEX(Properties!A$1:CB$87,Formula!F2,5),INDEX(Properties!A$1:CB$87,Formula!H2,5),INDEX(Properties!A$1:CB$87,Formula!J2,5)) -> 4 | R2: =MIN(IF(INDEX(Properties!A$1:CB$87,Formula!B2,5)=0,10^6,INDEX(Properties!A$1:CB$87,Formula!B2,5)),IF(INDEX(Properties!A$1:CB$87,Formula!D2,5)=0,10^6,INDEX(Properties!A$1:CB$87,Formula!D2,5)),IF(INDEX(Properties!A$1:CB$87,Formula!F2,5)=0,10^6,INDEX(Properties!A$1:CB$87,Formula!F2,5)),IF(INDEX(Properties!A$1:CB$87,Formula!H2,5)=0,10^6,INDEX(Properties!A$1:CB$87,Formula!H2,5)),IF(INDEX(Properties!A$1:CB$87,Formula!J2,5)=0,10^6,INDEX(Properties!A$1:CB$87,Formula!J2,5))) -> 2 | S2: =ABS(Q2-R2) -> 2 | T2: =((Formula!C2)/(Formula!C2+Formula!E2+Formula!G2+Formula!I2+Formula!K2))*(INDEX(Properties!A$1:CB$87,Formula!B2,6))+((Formula!E2)/(Formula!C2+Formula!E2+Formula!G2+Formula!I2+Formula!K2))*(INDEX(Properties!A$1:CB$87,Formula!D2,6))+((Formula!G2)/(Formula!C2+Formula!E2+Formula!G2+Formula!I2+Formula!K2))*(INDEX(Properties!A$1:CB$87,Formula!F2,6))+((Formula!I2)/(Formula!C2+Formula!E2+Formula!G2+Formula!I2+Formula!K2))*(INDEX(Properties!A$1:CB$87,Formula!H2,6))+((Formula!K2)/(Formula!C2+Formula!E2+Formula!G2+Formula!I2+Formula!K2))*(INDEX(Properties!A$1:CB$87,Formula!J2,6)) -> 13.241379 | U2: =Formula!C2*(INDEX(Properties!A$1:CB$87,Formula!B2,6))+Formula!E2*(INDEX(Properties!A$1:CB$87,Formula!D2,6))+Formula!G2*(INDEX(Properties!A$1:CB$87,Formula!F2,6))+Formula!I2*(INDEX(Properties!A$1:CB$87,Formula!H2,6))+Formula!K2*(INDEX(Properties!A$1:CB$87,Formula!J2,6)) -> 384 | V2: =VARP(IF(INDEX(Properties!A$1:CB$87,Formula!B2,6)<>"",INDEX(Properties!A$1:CB$87,Formula!B2,6)),IF(INDEX(Properties!A$1:CB$87,Formula!D2,6)<>"",INDEX(Properties!A$1:CB$87,Formula!D2,6)),IF(INDEX(Properties!A$1:CB$87,Formula!F2,6)<>"",INDEX(Properties!A$1:CB$87,Formula!F2,6)),IF(INDEX(Properties!A$1:CB$87,Formula!H2,6)<>"",INDEX(Properties!A$1:CB$87,Formula!H2,6)),IF(INDEX(Properties!A$1:CB$87,Formula!J2,6)<>"",INDEX(Properties!A$1:CB$87,Formula!J2,6))) -> 50.96 | W2: =MAX(INDEX(Properties!A$1:CB$87,Formula!B2,6),INDEX(Properties!A$1:CB$87,Formula!D2,6),INDEX(Properties!A$1:CB$87,Formula!F2,6),INDEX(Properties!A$1:CB$87,Formula!H2,4),INDEX(Properties!A$1:CB$87,Formula!J2,6)) -> 15 | X2: =MIN(IF(INDEX(Properties!A$1:CB$87,Formula!B2,6)=0,10^6,INDEX(Properties!A$1:CB$87,Formula!B2,6)),IF(INDEX(Properties!A$1:CB$87,Formula!D2,6)=0,10^6,INDEX(Properties!A$1:CB$87,Formula!D2,6)),IF(INDEX(Properties!A$1:CB$87,Formula!F2,6)=0,10^6,INDEX(Properties!A$1:CB$87,Formula!F2,6)),IF(INDEX(Properties!A$1:CB$87,Formula!H2,6)=0,10^6,INDEX(Properties!A$1:CB$87,Formula!H2,6)),IF(INDEX(Properties!A$1:CB$87,Formula!J2,6)=0,10^6,INDEX(Properties!A$1:CB$87,Formula!J2,6))) -> 1 | Y2: =ABS(W2-X2) -> 14 | Z2: =((Formula!C2)/(Formula!C2+Formula!E2+Formula!G2+Formula!I2+Formula!K2))*(INDEX(Properties!A$1:CB$87,Formula!B2,9))+((Formula!E2)/(Formula!C2+Formula!E2+Formula!G2+Formula!I2+Formula!K2))*(INDEX(Properties!A$1:CB$87,Formula!D2,9))+((Formula!G2)/(Formula!C2+Formula!E2+Formula!G2+Formula!I2+Formula!K2))*(INDEX(Properties!A$1:CB$87,Formula!F2,9))+((Formula!I2)/(Formula!C2+Formula!E2+Formula!G2+Formula!I2+Formula!K2))*(INDEX(Properties!A$1:CB$87,Formula!H2,9))+((Formula!K2)/(Formula!C2+Formula!E2+Formula!G2+Formula!I2+Formula!K2))*(INDEX(Properties!A$1:CB$87,Formula!J2,9)) -> 71.689655 | AA2: =Formula!C2*(INDEX(Properties!A$1:CB$87,Formula!B2,9))+Formula!E2*(INDEX(Properties!A$1:CB$87,Formula!D2,9))+Formula!G2*(INDEX(Properties!A$1:CB$87,Formula!F2,9))+Formula!I2*(INDEX(Properties!A$1:CB$87,Formula!H2,9))+Formula!K2*(INDEX(Properties!A$1:CB$87,Formula!J2,9)) -> 2079 | AB2: =VARP(IF(INDEX(Properties!A$1:CB$87,Formula!B2,9)<>"",INDEX(Properties!A$1:CB$87,Formula!B2,9)),IF(INDEX(Properties!A$1:CB$87,Formula!D2,9)<>"",INDEX(Properties!A$1:CB$87,Formula!D2,9)),IF(INDEX(Properties!A$1:CB$87,Formula!F2,9)<>"",INDEX(Properties!A$1:CB$87,Formula!F2,9)),IF(INDEX(Properties!A$1:CB$87,Formula!H2,9)<>"",INDEX(Properties!A$1:CB$87,Formula!H2,9)),IF(INDEX(Properties!A$1:CB$87,Formula!J2,9)<>"",INDEX(Properties!A$1:CB$87,Formula!J2,9))) -> 1620.56 | AC2: =MAX(INDEX(Properties!A$1:CB$87,Formula!B2,9),INDEX(Properties!A$1:CB$87,Formula!D2,9),INDEX(Properties!A$1:CB$87,Formula!F2,9),INDEX(Properties!A$1:CB$87,Formula!H2,9),INDEX(Properties!A$1:CB$87,Formula!J2,9)) -> 87 | AD2: =MIN(IF(INDEX(Properties!A$1:CB$87,Formula!B2,9)=0,10^6,INDEX(Properties!A$1:CB$87,Formula!B2,9)),IF(INDEX(Properties!A$1:CB$87,Formula!D2,9)=0,10^6,INDEX(Properties!A$1:CB$87,Formula!D2,9)),IF(INDEX(Properties!A$1:CB$87,Formula!F2,9)=0,10^6,INDEX(Properties!A$1:CB$87,Formula!F2,9)),IF(INDEX(Properties!A$1:CB$87,Formula!H2,9)=0,10^6,INDEX(Properties!A$1:CB$87,Formula!H2,9)),IF(INDEX(Properties!A$1:CB$87,Formula!J2,9)=0,10^6,INDEX(Properties!A$1:CB$87,Formula!J2,9))) -> 2 | AE2: =ABS(AC2-AD2) -> 85 | AF2: =((Formula!C2)/(Formula!C2+Formula!E2+Formula!G2+Formula!I2+Formula!K2))*(INDEX(Properties!A$1:CB$87,Formula!B2,10))+((Formula!E2)/(Formula!C2+Formula!E2+Formula!G2+Formula!I2+Formula!K2))*(INDEX(Properties!A$1:CB$87,Formula!D2,10))+((Formula!G2)/(Formula!C2+Formula!E2+Formula!G2+Formula!I2+Formula!K2))*(INDEX(Properties!A$1:CB$87,Formula!F2,10))+((Formula!I2)/(Formula!C2+Formula!E2+Formula!G2+Formula!I2+Formula!K2))*(INDEX(Properties!A$1:CB$87,Formula!H2,10))+((Formula!K2)/(Formula!C2+Formula!E2+Formula!G2+Formula!I2+Formula!K2))*(INDEX(Properties!A$1:CB$87,Formula!J2,10)) -> 6 | AG2: =Formula!C2*(INDEX(Properties!A$1:CB$87,Formula!B2,10))+Formula!E2*(INDEX(Properties!A$1:CB$87,Formula!D2,10))+Formula!G2*(INDEX(Properties!A$1:CB$87,Formula!F2,10))+Formula!I2*(INDEX(Properties!A$1:CB$87,Formula!H2,10))+Formula!K2*(INDEX(Properties!A$1:CB$87,Formula!J2,10)) -> 174 | AH2: =VARP(IF(INDEX(Properties!A$1:CB$87,Formula!B2,10)<>"",INDEX(Properties!A$1:CB$87,Formula!B2,10)),IF(INDEX(Properties!A$1:CB$87,Formula!D2,10)<>"",INDEX(Properties!A$1:CB$87,Formula!D2,10)),IF(INDEX(Properties!A$1:CB$87,Formula!F2,10)<>"",INDEX(Properties!A$1:CB$87,Formula!F2,10)),IF(INDEX(Properties!A$1:CB$87,Formula!H2,10)<>"",INDEX(Properties!A$1:CB$87,Formula!H2,10)),IF(INDEX(Properties!A$1:CB$87,Formula!J2,10)<>"",INDEX(Properties!A$1:CB$87,Formula!J2,10))) -> 9.04 | AI2: =MAX(INDEX(Properties!A$1:CB$87,Formula!B2,10),INDEX(Properties!A$1:CB$87,Formula!D2,10),INDEX(Properties!A$1:CB$87,Formula!F2,10),INDEX(Properties!A$1:CB$87,Formula!H2,10),INDEX(Properties!A$1:CB$87,Formula!J2,10)) -> 7 | AJ2: =MIN(IF(INDEX(Properties!A$1:CB$87,Formula!B2,10)=0,10^6,INDEX(Properties!A$1:CB$87,Formula!B2,10)),IF(INDEX(Properties!A$1:CB$87,Formula!D2,10)=0,10^6,INDEX(Properties!A$1:CB$87,Formula!D2,10)),IF(INDEX(Properties!A$1:CB$87,Formula!F2,10)=0,10^6,INDEX(Properties!A$1:CB$87,Formula!F2,10)),IF(INDEX(Properties!A$1:CB$87,Formula!H2,10)=0,10^6,INDEX(Properties!A$1:CB$87,Formula!H2,10)),IF(INDEX(Properties!A$1:CB$87,Formula!J2,10)=0,10^6,INDEX(Properties!A$1:CB$87,Formula!J2,10))) -> 1 | AK2: =ABS(AI2-AJ2) -> 6 | AL2: =((Formula!C2)/(Formula!C2+Formula!E2+Formula!G2+Formula!I2+Formula!K2))*(INDEX(Properties!A$1:CB$87,Formula!B2,11))+((Formula!E2)/(Formula!C2+Formula!E2+Formula!G2+Formula!I2+Formula!K2))*(INDEX(Properties!A$1:CB$87,Formula!D2,11))+((Formula!G2)/(Formula!C2+Formula!E2+Formula!G2+Formula!I2+Formula!K2))*(INDEX(Properties!A$1:CB$87,Formula!F2,11))+((Formula!I2)/(Formula!C2+Formula!E2+Formula!G2+Formula!I2+Formula!K2))*(INDEX(Properties!A$1:CB$87,Formula!H2,11))+((Formula!K2)/(Formula!C2+Formula!E2+Formula!G2+Formula!I2+Formula!K2))*(INDEX(Properties!A$1:CB$87,Formula!J2,11)) -> 1.862069 | AM2: =Formula!C2*(INDEX(Properties!A$1:CB$87,Formula!B2,11))+Formula!E2*(INDEX(Properties!A$1:CB$87,Formula!D2,11))+Formula!G2*(INDEX(Properties!A$1:CB$87,Formula!F2,11))+Formula!I2*(INDEX(Properties!A$1:CB$87,Formula!H2,11))+Formula!K2*(INDEX(Properties!A$1:CB$87,Formula!J2,11)) -> 54 | AN2: =VARP(IF(INDEX(Properties!A$1:CB$87,Formula!B2,11)<>"",INDEX(Properties!A$1:CB$87,Formula!B2,11)),IF(INDEX(Properties!A$1:CB$87,Formula!D2,11)<>"",INDEX(Properties!A$1:CB$87,Formula!D2,11)),IF(INDEX(Properties!A$1:CB$87,Formula!F2,11)<>"",INDEX(Properties!A$1:CB$87,Formula!F2,11)),IF(INDEX(Properties!A$1:CB$87,Formula!H2,11)<>"",INDEX(Properties!A$1:CB$87,Formula!H2,11)),IF(INDEX(Properties!A$1:CB$87,Formula!J2,11)<>"",INDEX(Properties!A$1:CB$87,Formula!J2,11))) -> 0.64 | AO2: =MAX(INDEX(Properties!A$1:CB$87,Formula!B2,11),INDEX(Properties!A$1:CB$87,Formula!D2,11),INDEX(Properties!A$1:CB$87,Formula!F2,11),INDEX(Properties!A$1:CB$87,Formula!H2,11),INDEX(Properties!A$1:CB$87,Formula!J2,11)) -> 2 | AP2: =MIN(IF(Formula!B2=87,10^6,INDEX(Properties!A$1:CB$87,Formula!B2,11)),IF((Formula!D2)=87,10^6,INDEX(Properties!A$1:CB$87,Formula!D2,11)),IF((Formula!F2)=87,10^6,INDEX(Properties!A$1:CB$87,Formula!F2,11)),IF((Formula!H2)=87,10^6,INDEX(Properties!A$1:CB$87,Formula!H2,11)),IF(Formula!J2=87,10^6,INDEX(Properties!A$1:CB$87,Formula!J2,11))) -> 1 | AQ2: =ABS(AO2-AP2) -> 1 | AR2: =((Formula!C2)/(Formula!C2+Formula!E2+Formula!G2+Formula!I2+Formula!K2))*(INDEX(Properties!A$1:CB$87,Formula!B2,12))+((Formula!E2)/(Formula!C2+Formula!E2+Formula!G2+Formula!I2+Formula!K2))*(INDEX(Properties!A$1:CB$87,Formula!D2,12))+((Formula!G2)/(Formula!C2+Formula!E2+Formula!G2+Formula!I2+Formula!K2))*(INDEX(Properties!A$1:CB$87,Formula!F2,12))+((Formula!I2)/(Formula!C2+Formula!E2+Formula!G2+Formula!I2+Formula!K2))*(INDEX(Properties!A$1:CB$87,Formula!H2,12))+((Formula!K2)/(Formula!C2+Formula!E2+Formula!G2+Formula!I2+Formula!K2))*(INDEX(Properties!A$1:CB$87,Formula!J2,12)) -> 3.1034483 | AS2: =Formula!C2*(INDEX(Properties!A$1:CB$87,Formula!B2,12))+Formula!E2*(INDEX(Properties!A$1:CB$87,Formula!D2,12))+Formula!G2*(INDEX(Properties!A$1:CB$87,Formula!F2,12))+Formula!I2*(INDEX(Properties!A$1:CB$87,Formula!H2,12))+Formula!K2*(INDEX(Properties!A$1:CB$87,Formula!J2,12)) -> 90 | AT2: =VARP(IF(INDEX(Properties!A$1:CB$87,Formula!B2,12)<>"",INDEX(Properties!A$1:CB$87,Formula!B2,12)),IF(INDEX(Properties!A$1:CB$87,Formula!D2,12)<>"",INDEX(Properties!A$1:CB$87,Formula!D2,12)),IF(INDEX(Properties!A$1:CB$87,Formula!F2,12)<>"",INDEX(Properties!A$1:CB$87,Formula!F2,12)),IF(INDEX(Properties!A$1:CB$87,Formula!H2,12)<>"",INDEX(Properties!A$1:CB$87,Formula!H2,12)),IF(INDEX(Properties!A$1:CB$87,Formula!J2,12)<>"",INDEX(Properties!A$1:CB$87,Formula!J2,12))) -> 3.04 | AU2: =MAX(INDEX(Properties!A$1:CB$87,Formula!B2,12),INDEX(Properties!A$1:CB$87,Formula!D2,12),INDEX(Properties!A$1:CB$87,Formula!F2,12),INDEX(Properties!A$1:CB$87,Formula!H2,12),INDEX(Properties!A$1:CB$87,Formula!J2,12)) -> 4 | AV2: =MIN(IF(Formula!B2=87,10^6,INDEX(Properties!A$1:CB$87,Formula!B2,12)),IF((Formula!D2)=87,10^6,INDEX(Properties!A$1:CB$87,Formula!D2,12)),IF((Formula!F2)=87,10^6,INDEX(Properties!A$1:CB$87,Formula!F2,12)),IF((Formula!H2)=87,10^6,INDEX(Properties!A$1:CB$87,Formula!H2,12)),IF(Formula!J2=87,10^6,INDEX(Properties!A$1:CB$87,Formula!J2,12))) -> 0 | AW2: =ABS(AU2-AV2) -> 4 | AX2: =((Formula!C2)/(Formula!C2+Formula!E2+Formula!G2+Formula!I2+Formula!K2))*(INDEX(Properties!A$1:CB$87,Formula!B2,13))+((Formula!E2)/(Formula!C2+Formula!E2+Formula!G2+Formula!I2+Formula!K2))*(INDEX(Properties!A$1:CB$87,Formula!D2,13))+((Formula!G2)/(Formula!C2+Formula!E2+Formula!G2+Formula!I2+Formula!K2))*(INDEX(Properties!A$1:CB$87,Formula!F2,13))+((Formula!I2)/(Formula!C2+Formula!E2+Formula!G2+Formula!I2+Formula!K2))*(INDEX(Properties!A$1:CB$87,Formula!H2,13))+((Formula!K2)/(Formula!C2+Formula!E2+Formula!G2+Formula!I2+Formula!K2))*(INDEX(Properties!A$1:CB$87,Formula!J2,13)) -> 0 | AY2: =Formula!C2*(INDEX(Properties!A$1:CB$87,Formula!B2,13))+Formula!E2*(INDEX(Properties!A$1:CB$87,Formula!D2,13))+Formula!G2*(INDEX(Properties!A$1:CB$87,Formula!F2,13))+Formula!I2*(INDEX(Properties!A$1:CB$87,Formula!H2,13))+Formula!K2*(INDEX(Properties!A$1:CB$87,Formula!J2,13)) -> 0 | AZ2: =VARP(IF(INDEX(Properties!A$1:CB$87,Formula!B2,13)<>"",INDEX(Properties!A$1:CB$87,Formula!B2,13)),IF(INDEX(Properties!A$1:CB$87,Formula!D2,13)<>"",INDEX(Properties!A$1:CB$87,Formula!D2,13)),IF(INDEX(Properties!A$1:CB$87,Formula!F2,13)<>"",INDEX(Properties!A$1:CB$87,Formula!F2,13)),IF(INDEX(Properties!A$1:CB$87,Formula!H2,13)<>"",INDEX(Properties!A$1:CB$87,Formula!H2,13)),IF(INDEX(Properties!A$1:CB$87,Formula!J2,13)<>"",INDEX(Properties!A$1:CB$87,Formula!J2,13))) -> 0 | BA2: =MAX(INDEX(Properties!A$1:CB$87,Formula!B2,13),INDEX(Properties!A$1:CB$87,Formula!D2,13),INDEX(Properties!A$1:CB$87,Formula!F2,13),INDEX(Properties!A$1:CB$87,Formula!H2,13),INDEX(Properties!A$1:CB$87,Formula!J2,13)) -> 0 | BB2: =MIN(IF(Formula!B2=87,10^6,INDEX(Properties!A$1:CB$87,Formula!B2,13)),IF((Formula!D2)=87,10^6,INDEX(Properties!A$1:CB$87,Formula!D2,13)),IF((Formula!F2)=87,10^6,INDEX(Properties!A$1:CB$87,Formula!F2,13)),IF((Formula!H2)=87,10^6,INDEX(Properties!A$1:CB$87,Formula!H2,13)),IF(Formula!J2=87,10^6,INDEX(Properties!A$1:CB$87,Formula!J2,13))) -> 0 | BC2: =ABS(BA2-BB2) -> 0 | BD2: =((Formula!C2)/(Formula!C2+Formula!E2+Formula!G2+Formula!I2+Formula!K2))*(INDEX(Properties!A$1:CB$87,Formula!B2,14))+((Formula!E2)/(Formula!C2+Formula!E2+Formula!G2+Formula!I2+Formula!K2))*(INDEX(Properties!A$1:CB$87,Formula!D2,14))+((Formula!G2)/(Formula!C2+Formula!E2+Formula!G2+Formula!I2+Formula!K2))*(INDEX(Properties!A$1:CB$87,Formula!F2,14))+((Formula!I2)/(Formula!C2+Formula!E2+Formula!G2+Formula!I2+Formula!K2))*(INDEX(Properties!A$1:CB$87,Formula!H2,14))+((Formula!K2)/(Formula!C2+Formula!E2+Formula!G2+Formula!I2+Formula!K2))*(INDEX(Properties!A$1:CB$87,Formula!J2,14)) -> 0 | BE2: =Formula!C2*(INDEX(Properties!A$1:CB$87,Formula!B2,14))+Formula!E2*(INDEX(Properties!A$1:CB$87,Formula!D2,14))+Formula!G2*(INDEX(Properties!A$1:CB$87,Formula!F2,14))+Formula!I2*(INDEX(Properties!A$1:CB$87,Formula!H2,14))+Formula!K2*(INDEX(Properties!A$1:CB$87,Formula!J2,14)) -> 0 | BF2: =VARP(IF(INDEX(Properties!A$1:CB$87,Formula!B2,14)<>"",INDEX(Properties!A$1:CB$87,Formula!B2,14)),IF(INDEX(Properties!A$1:CB$87,Formula!D2,14)<>"",INDEX(Properties!A$1:CB$87,Formula!D2,14)),IF(INDEX(Properties!A$1:CB$87,Formula!F2,14)<>"",INDEX(Properties!A$1:CB$87,Formula!F2,14)),IF(INDEX(Properties!A$1:CB$87,Formula!H2,14)<>"",INDEX(Properties!A$1:CB$87,Formula!H2,14)),IF(INDEX(Properties!A$1:CB$87,Formula!J2,14)<>"",INDEX(Properties!A$1:CB$87,Formula!J2,14))) -> 0 | BG2: =MAX(INDEX(Properties!A$1:CB$87,Formula!B2,14),INDEX(Properties!A$1:CB$87,Formula!D2,14),INDEX(Properties!A$1:CB$87,Formula!F2,14),INDEX(Properties!A$1:CB$87,Formula!H2,14),INDEX(Properties!A$1:CB$87,Formula!J2,14)) -> 0 | BH2: =MIN(IF(Formula!B2=87,10^6,INDEX(Properties!A$1:CB$87,Formula!B2,14)),IF((Formula!D2)=87,10^6,INDEX(Properties!A$1:CB$87,Formula!D2,14)),IF((Formula!F2)=87,10^6,INDEX(Properties!A$1:CB$87,Formula!F2,14)),IF((Formula!H2)=87,10^6,INDEX(Properties!A$1:CB$87,Formula!H2,14)),IF(Formula!J2=87,10^6,INDEX(Properties!A$1:CB$87,Formula!J2,14))) -> 0 | BI2: =ABS(BG2-BH2) -> 0 | BJ2: =((Formula!C2)/(Formula!C2+Formula!E2+Formula!G2+Formula!I2+Formula!K2))*(INDEX(Properties!A$1:CB$87,Formula!B2,19))+((Formula!E2)/(Formula!C2+Formula!E2+Formula!G2+Formula!I2+Formula!K2))*(INDEX(Properties!A$1:CB$87,Formula!D2,19))+((Formula!G2)/(Formula!C2+Formula!E2+Formula!G2+Formula!I2+Formula!K2))*(INDEX(Properties!A$1:CB$87,Formula!F2,19))+((Formula!I2)/(Formula!C2+Formula!E2+Formula!G2+Formula!I2+Formula!K2))*(INDEX(Properties!A$1:CB$87,Formula!H2,19))+((Formula!K2)/(Formula!C2+Formula!E2+Formula!G2+Formula!I2+Formula!K2))*(INDEX(Properties!A$1:CB$87,Formula!J2,19)) -> 4.9655172 | BK2: =Formula!C2*(INDEX(Properties!A$1:CB$87,Formula!B2,19))+Formula!E2*(INDEX(Properties!A$1:CB$87,Formula!D2,19))+Formula!G2*(INDEX(Properties!A$1:CB$87,Formula!F2,19))+Formula!I2*(INDEX(Properties!A$1:CB$87,Formula!H2,19))+Formula!K2*(INDEX(Properties!A$1:CB$87,Formula!J2,19)) -> 144 | BL2: =VARP(IF(INDEX(Properties!A$1:CB$87,Formula!B2,19)<>"",INDEX(Properties!A$1:CB$87,Formula!B2,19)),IF(INDEX(Properties!A$1:CB$87,Formula!D2,19)<>"",INDEX(Properties!A$1:CB$87,Formula!D2,19)),IF(INDEX(Properties!A$1:CB$87,Formula!F2,19)<>"",INDEX(Properties!A$1:CB$87,Formula!F2,19)),IF(INDEX(Properties!A$1:CB$87,Formula!H2,19)<>"",INDEX(Properties!A$1:CB$87,Formula!H2,19)),IF(INDEX(Properties!A$1:CB$87,Formula!J2,19)<>"",INDEX(Properties!A$1:CB$87,Formula!J2,19))) -> 5.36 | BM2: =MAX(INDEX(Properties!A$1:CB$87,Formula!B2,19),INDEX(Properties!A$1:CB$87,Formula!D2,19),INDEX(Properties!A$1:CB$87,Formula!F2,19),INDEX(Properties!A$1:CB$87,Formula!H2,19),INDEX(Properties!A$1:CB$87,Formula!J2,19)) -> 6 | BN2: =MIN(IF(INDEX(Properties!A$1:CB$87,Formula!B2,19)=0,10^6,INDEX(Properties!A$1:CB$87,Formula!B2,19)),IF(INDEX(Properties!A$1:CB$87,Formula!D2,19)=0,10^6,INDEX(Properties!A$1:CB$87,Formula!D2,19)),IF(INDEX(Properties!A$1:CB$87,Formula!F2,19)=0,10^6,INDEX(Properties!A$1:CB$87,Formula!F2,19)),IF(INDEX(Properties!A$1:CB$87,Formula!H2,19)=0,10^6,INDEX(Properties!A$1:CB$87,Formula!H2,19)),IF(INDEX(Properties!A$1:CB$87,Formula!J2,19)=0,10^6,INDEX(Properties!A$1:CB$87,Formula!J2,19))) -> 1 | BO2: =ABS(BM2-BN2) -> 5 | BP2: =((Formula!C2)/(Formula!C2+Formula!E2+Formula!G2+Formula!I2+Formula!K2))*(INDEX(Properties!A$1:CB$87,Formula!B2,20))+((Formula!E2)/(Formula!C2+Formula!E2+Formula!G2+Formula!I2+Formula!K2))*(INDEX(Properties!A$1:CB$87,Formula!D2,20))+((Formula!G2)/(Formula!C2+Formula!E2+Formula!G2+Formula!I2+Formula!K2))*(INDEX(Properties!A$1:CB$87,Formula!F2,20))+((Formula!I2)/(Formula!C2+Formula!E2+Formula!G2+Formula!I2+Formula!K2))*(INDEX(Properties!A$1:CB$87,Formula!H2,20))+((Formula!K2)/(Formula!C2+Formula!E2+Formula!G2+Formula!I2+Formula!K2))*(INDEX(Properties!A$1:CB$87,Formula!J2,20)) -> 4.9655172 | BQ2: =Formula!C2*(INDEX(Properties!A$1:CB$87,Formula!B2,20))+Formula!E2*(INDEX(Properties!A$1:CB$87,Formula!D2,20))+Formula!G2*(INDEX(Properties!A$1:CB$87,Formula!F2,20))+Formula!I2*(INDEX(Properties!A$1:CB$87,Formula!H2,20))+Formula!K2*(INDEX(Properties!A$1:CB$87,Formula!J2,20)) -> 144 | BR2: =VARP(IF(INDEX(Properties!A$1:CB$87,Formula!B2,20)<>"",INDEX(Properties!A$1:CB$87,Formula!B2,20)),IF(INDEX(Properties!A$1:CB$87,Formula!D2,20)<>"",INDEX(Properties!A$1:CB$87,Formula!D2,20)),IF(INDEX(Properties!A$1:CB$87,Formula!F2,20)<>"",INDEX(Properties!A$1:CB$87,Formula!F2,20)),IF(INDEX(Properties!A$1:CB$87,Formula!H2,20)<>"",INDEX(Properties!A$1:CB$87,Formula!H2,20)),IF(INDEX(Properties!A$1:CB$87,Formula!J2,20)<>"",INDEX(Properties!A$1:CB$87,Formula!J2,20))) -> 5.36 | BS2: =MAX(INDEX(Properties!A$1:CB$87,Formula!B2,20),INDEX(Properties!A$1:CB$87,Formula!D2,20),INDEX(Properties!A$1:CB$87,Formula!F2,20),INDEX(Properties!A$1:CB$87,Formula!H2,20),INDEX(Properties!A$1:CB$87,Formula!J2,20)) -> 6 | BT2: =MIN(IF(INDEX(Properties!A$1:CB$87,Formula!B2,20)=0,10^6,INDEX(Properties!A$1:CB$87,Formula!B2,20)),IF(INDEX(Properties!A$1:CB$87,Formula!D2,20)=0,10^6,INDEX(Properties!A$1:CB$87,Formula!D2,20)),IF(INDEX(Properties!A$1:CB$87,Formula!F2,20)=0,10^6,INDEX(Properties!A$1:CB$87,Formula!F2,20)),IF(INDEX(Properties!A$1:CB$87,Formula!H2,20)=0,10^6,INDEX(Properties!A$1:CB$87,Formula!H2,20)),IF(INDEX(Properties!A$1:CB$87,Formula!J2,20)=0,10^6,INDEX(Properties!A$1:CB$87,Formula!J2,20))) -> 1 | BU2: =ABS(BS2-BT2) -> 5 | BV2: =((Formula!C2)/(Formula!C2+Formula!E2+Formula!G2+Formula!I2+Formula!K2))*(INDEX(Properties!A$1:CB$87,Formula!B2,21))+((Formula!E2)/(Formula!C2+Formula!E2+Formula!G2+Formula!I2+Formula!K2))*(INDEX(Properties!A$1:CB$87,Formula!D2,21))+((Formula!G2)/(Formula!C2+Formula!E2+Formula!G2+Formula!I2+Formula!K2))*(INDEX(Properties!A$1:CB$87,Formula!F2,21))+((Formula!I2)/(Formula!C2+Formula!E2+Formula!G2+Formula!I2+Formula!K2))*(INDEX(Properties!A$1:CB$87,Formula!H2,21))+((Formula!K2)/(Formula!C2+Formula!E2+Formula!G2+Formula!I2+Formula!K2))*(INDEX(Properties!A$1:CB$87,Formula!J2,21)) -> 4.9655172 | BW2: =Formula!C2*(INDEX(Properties!A$1:CB$87,Formula!B2,21))+Formula!E2*(INDEX(Properties!A$1:CB$87,Formula!D2,21))+Formula!G2*(INDEX(Properties!A$1:CB$87,Formula!F2,21))+Formula!I2*(INDEX(Properties!A$1:CB$87,Formula!H2,21))+Formula!K2*(INDEX(Properties!A$1:CB$87,Formula!J2,21)) -> 144 | BX2: =VARP(IF(INDEX(Properties!A$1:CB$87,Formula!B2,21)<>"",INDEX(Properties!A$1:CB$87,Formula!B2,21)),IF(INDEX(Properties!A$1:CB$87,Formula!D2,21)<>"",INDEX(Properties!A$1:CB$87,Formula!D2,21)),IF(INDEX(Properties!A$1:CB$87,Formula!F2,21)<>"",INDEX(Properties!A$1:CB$87,Formula!F2,21)),IF(INDEX(Properties!A$1:CB$87,Formula!H2,21)<>"",INDEX(Properties!A$1:CB$87,Formula!H2,21)),IF(INDEX(Properties!A$1:CB$87,Formula!J2,21)<>"",INDEX(Properties!A$1:CB$87,Formula!J2,21))) -> 5.36 | BY2: =MAX(INDEX(Properties!A$1:CB$87,Formula!B2,21),INDEX(Properties!A$1:CB$87,Formula!D2,21),INDEX(Properties!A$1:CB$87,Formula!F2,21),INDEX(Properties!A$1:CB$87,Formula!H2,21),INDEX(Properties!A$1:CB$87,Formula!J2,21)) -> 6 | BZ2: =MIN(IF(INDEX(Properties!A$1:CB$87,Formula!B2,21)=0,10^6,INDEX(Properties!A$1:CB$87,Formula!B2,21)),IF(INDEX(Properties!A$1:CB$87,Formula!D2,21)=0,10^6,INDEX(Properties!A$1:CB$87,Formula!D2,21)),IF(INDEX(Properties!A$1:CB$87,Formula!F2,21)=0,10^6,INDEX(Properties!A$1:CB$87,Formula!F2,21)),IF(INDEX(Properties!A$1:CB$87,Formula!H2,21)=0,10^6,INDEX(Properties!A$1:CB$87,Formula!H2,21)),IF(INDEX(Properties!A$1:CB$87,Formula!J2,21)=0,10^6,INDEX(Properties!A$1:CB$87,Formula!J2,21))) -> 1 | CA2: =ABS(BY2-BZ2) -> 5 | CB2: =((Formula!C2)/(Formula!C2+Formula!E2+Formula!G2+Formula!I2+Formula!K2))*(INDEX(Properties!A$1:CB$87,Formula!B2,23))+((Formula!E2)/(Formula!C2+Formula!E2+Formula!G2+Formula!I2+Formula!K2))*(INDEX(Properties!A$1:CB$87,Formula!D2,23))+((Formula!G2)/(Formula!C2+Formula!E2+Formula!G2+Formula!I2+Formula!K2))*(INDEX(Properties!A$1:CB$87,Formula!F2,23))+((Formula!I2)/(Formula!C2+Formula!E2+Formula!G2+Formula!I2+Formula!K2))*(INDEX(Properties!A$1:CB$87,Formula!H2,23))+((Formula!K2)/(Formula!C2+Formula!E2+Formula!G2+Formula!I2+Formula!K2))*(INDEX(Properties!A$1:CB$87,Formula!J2,23)) -> 0.82758621 | CC2: =Formula!C2*(INDEX(Properties!A$1:CB$87,Formula!B2,23))+Formula!E2*(INDEX(Properties!A$1:CB$87,Formula!D2,23))+Formula!G2*(INDEX(Properties!A$1:CB$87,Formula!F2,23))+Formula!I2*(INDEX(Properties!A$1:CB$87,Formula!H2,23))+Formula!K2*(INDEX(Properties!A$1:CB$87,Formula!J2,23)) -> 24 | CD2: =VARP(IF(INDEX(Properties!A$1:CB$87,Formula!B2,23)<>"",INDEX(Properties!A$1:CB$87,Formula!B2,23)),IF(INDEX(Properties!A$1:CB$87,Formula!D2,23)<>"",INDEX(Properties!A$1:CB$87,Formula!D2,23)),IF(INDEX(Properties!A$1:CB$87,Formula!F2,23)<>"",INDEX(Properties!A$1:CB$87,Formula!F2,23)),IF(INDEX(Properties!A$1:CB$87,Formula!H2,23)<>"",INDEX(Properties!A$1:CB$87,Formula!H2,23)),IF(INDEX(Properties!A$1:CB$87,Formula!J2,23)<>"",INDEX(Properties!A$1:CB$87,Formula!J2,23))) -> 1.36 | CE2: =MAX(INDEX(Properties!A$1:CB$87,Formula!B2,23),INDEX(Properties!A$1:CB$87,Formula!D2,23),INDEX(Properties!A$1:CB$87,Formula!F2,23),INDEX(Properties!A$1:CB$87,Formula!H2,23),INDEX(Properties!A$1:CB$87,Formula!J2,23)) -> 3 | CF2: =MIN(IF(Formula!B2=87,10^6,INDEX(Properties!A$1:CB$87,Formula!B2,23)),IF((Formula!D2)=87,10^6,INDEX(Properties!A$1:CB$87,Formula!D2,23)),IF((Formula!F2)=87,10^6,INDEX(Properties!A$1:CB$87,Formula!F2,23)),IF((Formula!H2)=87,10^6,INDEX(Properties!A$1:CB$87,Formula!H2,23)),IF(Formula!J2=87,10^6,INDEX(Properties!A$1:CB$87,Formula!J2,23))) -> 0 | CG2: =ABS(CE2-CF2) -> 3 | CH2: =((Formula!C2)/(Formula!C2+Formula!E2+Formula!G2+Formula!I2+Formula!K2))*(INDEX(Properties!A$1:CB$87,Formula!B2,26))+((Formula!E2)/(Formula!C2+Formula!E2+Formula!G2+Formula!I2+Formula!K2))*(INDEX(Properties!A$1:CB$87,Formula!D2,26))+((Formula!G2)/(Formula!C2+Formula!E2+Formula!G2+Formula!I2+Formula!K2))*(INDEX(Properties!A$1:CB$87,Formula!F2,26))+((Formula!I2)/(Formula!C2+Formula!E2+Formula!G2+Formula!I2+Formula!K2))*(INDEX(Properties!A$1:CB$87,Formula!H2,26))+((Formula!K2)/(Formula!C2+Formula!E2+Formula!G2+Formula!I2+Formula!K2))*(INDEX(Properties!A$1:CB$87,Formula!J2,26)) -> 11.541917 | CI2: =Formula!C2*(INDEX(Properties!A$1:CB$87,Formula!B2,26))+Formula!E2*(INDEX(Properties!A$1:CB$87,Formula!D2,26))+Formula!G2*(INDEX(Properties!A$1:CB$87,Formula!F2,26))+Formula!I2*(INDEX(Properties!A$1:CB$87,Formula!H2,26))+Formula!K2*(INDEX(Properties!A$1:CB$87,Formula!J2,26)) -> 334.7156 | CJ2: =VARP(IF(INDEX(Properties!A$1:CB$87,Formula!B2,26)<>"",INDEX(Properties!A$1:CB$87,Formula!B2,26)),IF(INDEX(Properties!A$1:CB$87,Formula!D2,26)<>"",INDEX(Properties!A$1:CB$87,Formula!D2,26)),IF(INDEX(Properties!A$1:CB$87,Formula!F2,26)<>"",INDEX(Properties!A$1:CB$87,Formula!F2,26)),IF(INDEX(Properties!A$1:CB$87,Formula!H2,26)<>"",INDEX(Properties!A$1:CB$87,Formula!H2,26)),IF(INDEX(Properties!A$1:CB$87,Formula!J2,26)<>"",INDEX(Properties!A$1:CB$87,Formula!J2,26))) -> 21.836037 | CK2: =MAX(INDEX(Properties!A$1:CB$87,Formula!B2,26),INDEX(Properties!A$1:CB$87,Formula!D2,26),INDEX(Properties!A$1:CB$87,Formula!F2,26),INDEX(Properties!A$1:CB$87,Formula!H2,26),INDEX(Properties!A$1:CB$87,Formula!J2,26)) -> 13.6181 | CL2: =MIN(IF(INDEX(Properties!A$1:CB$87,Formula!B2,26)=0,10^6,INDEX(Properties!A$1:CB$87,Formula!B2,26)),IF(INDEX(Properties!A$1:CB$87,Formula!D2,26)=0,10^6,INDEX(Properties!A$1:CB$87,Formula!D2,26)),IF(INDEX(Properties!A$1:CB$87,Formula!F2,26)=0,10^6,INDEX(Properties!A$1:CB$87,Formula!F2,26)),IF(INDEX(Properties!A$1:CB$87,Formula!H2,26)=0,10^6,INDEX(Properties!A$1:CB$87,Formula!H2,26)),IF(INDEX(Properties!A$1:CB$87,Formula!J2,26)=0,10^6,INDEX(Properties!A$1:CB$87,Formula!J2,26))) -> 5.1391 | CM2: =ABS(CK2-CL2) -> 8.479 | CN2: =((Formula!C2)/(Formula!C2+Formula!E2+Formula!G2+Formula!I2+Formula!K2))*(INDEX(Properties!A$1:CB$87,Formula!B2,30))+((Formula!E2)/(Formula!C2+Formula!E2+Formula!G2+Formula!I2+Formula!K2))*(INDEX(Properties!A$1:CB$87,Formula!D2,30))+((Formula!G2)/(Formula!C2+Formula!E2+Formula!G2+Formula!I2+Formula!K2))*(INDEX(Properties!A$1:CB$87,Formula!F2,30))+((Formula!I2)/(Formula!C2+Formula!E2+Formula!G2+Formula!I2+Formula!K2))*(INDEX(Properties!A$1:CB$87,Formula!H2,30))+((Formula!K2)/(Formula!C2+Formula!E2+Formula!G2+Formula!I2+Formula!K2))*(INDEX(Properties!A$1:CB$87,Formula!J2,30)) -> 2.7510345 | CO2: =Formula!C2*(INDEX(Properties!A$1:CB$87,Formula!B2,30))+Formula!E2*(INDEX(Properties!A$1:CB$87,Formula!D2,30))+Formula!G2*(INDEX(Properties!A$1:CB$87,Formula!F2,30))+Formula!I2*(INDEX(Properties!A$1:CB$87,Formula!H2,30))+Formula!K2*(INDEX(Properties!A$1:CB$87,Formula!J2,30)) -> 79.78 | CP2: =VARP(IF(INDEX(Properties!A$1:CB$87,Formula!B2,30)<>"",INDEX(Properties!A$1:CB$87,Formula!B2,30)),IF(INDEX(Properties!A$1:CB$87,Formula!D2,30)<>"",INDEX(Properties!A$1:CB$87,Formula!D2,30)),IF(INDEX(Properties!A$1:CB$87,Formula!F2,30)<>"",INDEX(Properties!A$1:CB$87,Formula!F2,30)),IF(INDEX(Properties!A$1:CB$87,Formula!H2,30)<>"",INDEX(Properties!A$1:CB$87,Formula!H2,30)),IF(INDEX(Properties!A$1:CB$87,Formula!J2,30)<>"",INDEX(Properties!A$1:CB$87,Formula!J2,30))) -> 1.412776 | CQ2: =MAX(INDEX(Properties!A$1:CB$87,Formula!B2,30),INDEX(Properties!A$1:CB$87,Formula!D2,30),INDEX(Properties!A$1:CB$87,Formula!F2,30),INDEX(Properties!A$1:CB$87,Formula!H2,30),INDEX(Properties!A$1:CB$87,Formula!J2,30)) -> 3.44 | CR2: =MIN(IF(INDEX(Properties!A$1:CB$87,Formula!B2,30)=0,10^6,INDEX(Properties!A$1:CB$87,Formula!B2,30)),IF(INDEX(Properties!A$1:CB$87,Formula!D2,30)=0,10^6,INDEX(Properties!A$1:CB$87,Formula!D2,30)),IF(INDEX(Properties!A$1:CB$87,Formula!F2,30)=0,10^6,INDEX(Properties!A$1:CB$87,Formula!F2,30)),IF(INDEX(Properties!A$1:CB$87,Formula!H2,30)=0,10^6,INDEX(Properties!A$1:CB$87,Formula!H2,30)),IF(INDEX(Properties!A$1:CB$87,Formula!J2,30)=0,10^6,INDEX(Properties!A$1:CB$87,Formula!J2,30))) -> 0.93 | CS2: =ABS(CQ2-CR2) -> 2.51 | CT2: =((Formula!C2)/(Formula!C2+Formula!E2+Formula!G2+Formula!I2+Formula!K2))*(INDEX(Properties!A$1:CB$87,Formula!B2,31))+((Formula!E2)/(Formula!C2+Formula!E2+Formula!G2+Formula!I2+Formula!K2))*(INDEX(Properties!A$1:CB$87,Formula!D2,31))+((Formula!G2)/(Formula!C2+Formula!E2+Formula!G2+Formula!I2+Formula!K2))*(INDEX(Properties!A$1:CB$87,Formula!F2,31))+((Formula!I2)/(Formula!C2+Formula!E2+Formula!G2+Formula!I2+Formula!K2))*(INDEX(Properties!A$1:CB$87,Formula!H2,31))+((Formula!K2)/(Formula!C2+Formula!E2+Formula!G2+Formula!I2+Formula!K2))*(INDEX(Properties!A$1:CB$87,Formula!J2,31)) -> 2.7037931 | CU2: =Formula!C2*(INDEX(Properties!A$1:CB$87,Formula!B2,31))+Formula!E2*(INDEX(Properties!A$1:CB$87,Formula!D2,31))+Formula!G2*(INDEX(Properties!A$1:CB$87,Formula!F2,31))+Formula!I2*(INDEX(Properties!A$1:CB$87,Formula!H2,31))+Formula!K2*(INDEX(Properties!A$1:CB$87,Formula!J2,31)) -> 78.41 | CV2: =VARP(IF(INDEX(Properties!A$1:CB$87,Formula!B2,31)<>"",INDEX(Properties!A$1:CB$87,Formula!B2,31)),IF(INDEX(Properties!A$1:CB$87,Formula!D2,31)<>"",INDEX(Properties!A$1:CB$87,Formula!D2,31)),IF(INDEX(Properties!A$1:CB$87,Formula!F2,31)<>"",INDEX(Properties!A$1:CB$87,Formula!F2,31)),IF(INDEX(Properties!A$1:CB$87,Formula!H2,31)<>"",INDEX(Properties!A$1:CB$87,Formula!H2,31)),IF(INDEX(Properties!A$1:CB$87,Formula!J2,31)<>"",INDEX(Properties!A$1:CB$87,Formula!J2,31))) -> 1.34156 | CW2: =MAX(INDEX(Properties!A$1:CB$87,Formula!B2,31),INDEX(Properties!A$1:CB$87,Formula!D2,31),INDEX(Properties!A$1:CB$87,Formula!F2,31),INDEX(Properties!A$1:CB$87,Formula!H2,31),INDEX(Properties!A$1:CB$87,Formula!J2,31)) -> 3.32 | CX2: =MIN(IF(INDEX(Properties!A$1:CB$87,Formula!B2,31)=0,10^6,INDEX(Properties!A$1:CB$87,Formula!B2,31)),IF(INDEX(Properties!A$1:CB$87,Formula!D2,31)=0,10^6,INDEX(Properties!A$1:CB$87,Formula!D2,31)),IF(INDEX(Properties!A$1:CB$87,Formula!F2,31)=0,10^6,INDEX(Properties!A$1:CB$87,Formula!F2,31)),IF(INDEX(Properties!A$1:CB$87,Formula!H2,31)=0,10^6,INDEX(Properties!A$1:CB$87,Formula!H2,31)),IF(INDEX(Properties!A$1:CB$87,Formula!J2,31)=0,10^6,INDEX(Properties!A$1:CB$87,Formula!J2,31))) -> 0.89 | CY2: =ABS(CW2-CX2) -> 2.43 | CZ2: =((Formula!C2)/(Formula!C2+Formula!E2+Formula!G2+Formula!I2+Formula!K2))*(INDEX(Properties!A$1:CB$87,Formula!B2,32))+((Formula!E2)/(Formula!C2+Formula!E2+Formula!G2+Formula!I2+Formula!K2))*(INDEX(Properties!A$1:CB$87,Formula!D2,32))+((Formula!G2)/(Formula!C2+Formula!E2+Formula!G2+Formula!I2+Formula!K2))*(INDEX(Properties!A$1:CB$87,Formula!F2,32))+((Formula!I2)/(Formula!C2+Formula!E2+Formula!G2+Formula!I2+Formula!K2))*(INDEX(Properties!A$1:CB$87,Formula!H2,32))+((Formula!K2)/(Formula!C2+Formula!E2+Formula!G2+Formula!I2+Formula!K2))*(INDEX(Properties!A$1:CB$87,Formula!J2,32)) -> 6.3117241 | DA2: =Formula!C2*(INDEX(Properties!A$1:CB$87,Formula!B2,32))+Formula!E2*(INDEX(Properties!A$1:CB$87,Formula!D2,32))+Formula!G2*(INDEX(Properties!A$1:CB$87,Formula!F2,32))+Formula!I2*(INDEX(Properties!A$1:CB$87,Formula!H2,32))+Formula!K2*(INDEX(Properties!A$1:CB$87,Formula!J2,32)) -> 183.04 | DB2: =VARP(IF(INDEX(Properties!A$1:CB$87,Formula!B2,32)<>"",INDEX(Properties!A$1:CB$87,Formula!B2,32)),IF(INDEX(Properties!A$1:CB$87,Formula!D2,32)<>"",INDEX(Properties!A$1:CB$87,Formula!D2,32)),IF(INDEX(Properties!A$1:CB$87,Formula!F2,32)<>"",INDEX(Properties!A$1:CB$87,Formula!F2,32)),IF(INDEX(Properties!A$1:CB$87,Formula!H2,32)<>"",INDEX(Properties!A$1:CB$87,Formula!H2,32)),IF(INDEX(Properties!A$1:CB$87,Formula!J2,32)<>"",INDEX(Properties!A$1:CB$87,Formula!J2,32))) -> 7.015536 | DC2: =MAX(INDEX(Properties!A$1:CB$87,Formula!B2,32),INDEX(Properties!A$1:CB$87,Formula!D2,32),INDEX(Properties!A$1:CB$87,Formula!F2,32),INDEX(Properties!A$1:CB$87,Formula!H2,32),INDEX(Properties!A$1:CB$87,Formula!J2,32)) -> 7.54 | DD2: =MIN(IF(INDEX(Properties!A$1:CB$87,Formula!B2,32)=0,10^6,INDEX(Properties!A$1:CB$87,Formula!B2,32)),IF(INDEX(Properties!A$1:CB$87,Formula!D2,32)=0,10^6,INDEX(Properties!A$1:CB$87,Formula!D2,32)),IF(INDEX(Properties!A$1:CB$87,Formula!F2,32)=0,10^6,INDEX(Properties!A$1:CB$87,Formula!F2,32)),IF(INDEX(Properties!A$1:CB$87,Formula!H2,32)=0,10^6,INDEX(Properties!A$1:CB$87,Formula!H2,32)),IF(INDEX(Properties!A$1:CB$87,Formula!J2,32)=0,10^6,INDEX(Properties!A$1:CB$87,Formula!J2,32))) -> 2.2 | DE2: =ABS(DC2-DD2) -> 5.34 | DF2: =((Formula!C2)/(Formula!C2+Formula!E2+Formula!G2+Formula!I2+Formula!K2))*(INDEX(Properties!A$1:CB$87,Formula!B2,34))+((Formula!E2)/(Formula!C2+Formula!E2+Formula!G2+Formula!I2+Formula!K2))*(INDEX(Properties!A$1:CB$87,Formula!D2,34))+((Formula!G2)/(Formula!C2+Formula!E2+Formula!G2+Formula!I2+Formula!K2))*(INDEX(Properties!A$1:CB$87,Formula!F2,34))+((Formula!I2)/(Formula!C2+Formula!E2+Formula!G2+Formula!I2+Formula!K2))*(INDEX(Properties!A$1:CB$87,Formula!H2,34))+((Formula!K2)/(Formula!C2+Formula!E2+Formula!G2+Formula!I2+Formula!K2))*(INDEX(Properties!A$1:CB$87,Formula!J2,34)) -> 2.8623448 | DG2: =Formula!C2*(INDEX(Properties!A$1:CB$87,Formula!B2,34))+Formula!E2*(INDEX(Properties!A$1:CB$87,Formula!D2,34))+Formula!G2*(INDEX(Properties!A$1:CB$87,Formula!F2,34))+Formula!I2*(INDEX(Properties!A$1:CB$87,Formula!H2,34))+Formula!K2*(INDEX(Properties!A$1:CB$87,Formula!J2,34)) -> 83.008 | DH2: =VARP(IF(INDEX(Properties!A$1:CB$87,Formula!B2,34)<>"",INDEX(Properties!A$1:CB$87,Formula!B2,34)),IF(INDEX(Properties!A$1:CB$87,Formula!D2,34)<>"",INDEX(Properties!A$1:CB$87,Formula!D2,34)),IF(INDEX(Properties!A$1:CB$87,Formula!F2,34)<>"",INDEX(Properties!A$1:CB$87,Formula!F2,34)),IF(INDEX(Properties!A$1:CB$87,Formula!H2,34)<>"",INDEX(Properties!A$1:CB$87,Formula!H2,34)),IF(INDEX(Properties!A$1:CB$87,Formula!J2,34)<>"",INDEX(Properties!A$1:CB$87,Formula!J2,34))) -> 1.574055 | DI2: =MAX(INDEX(Properties!A$1:CB$87,Formula!B2,34),INDEX(Properties!A$1:CB$87,Formula!D2,34),INDEX(Properties!A$1:CB$87,Formula!F2,34),INDEX(Properties!A$1:CB$87,Formula!H2,34),INDEX(Properties!A$1:CB$87,Formula!J2,34)) -> 3.61 | DJ2: =MIN(IF(INDEX(Properties!A$1:CB$87,Formula!B2,34)=0,10^6,INDEX(Properties!A$1:CB$87,Formula!B2,34)),IF(INDEX(Properties!A$1:CB$87,Formula!D2,34)=0,10^6,INDEX(Properties!A$1:CB$87,Formula!D2,34)),IF(INDEX(Properties!A$1:CB$87,Formula!F2,34)=0,10^6,INDEX(Properties!A$1:CB$87,Formula!F2,34)),IF(INDEX(Properties!A$1:CB$87,Formula!H2,34)=0,10^6,INDEX(Properties!A$1:CB$87,Formula!H2,34)),IF(INDEX(Properties!A$1:CB$87,Formula!J2,34)=0,10^6,INDEX(Properties!A$1:CB$87,Formula!J2,34))) -> 0.869 | DK2: =ABS(DI2-DJ2) -> 2.741 | DL2: =((Formula!C2)/(Formula!C2+Formula!E2+Formula!G2+Formula!I2+Formula!K2))*(INDEX(Properties!A$1:CB$87,Formula!B2,39))+((Formula!E2)/(Formula!C2+Formula!E2+Formula!G2+Formula!I2+Formula!K2))*(INDEX(Properties!A$1:CB$87,Formula!D2,39))+((Formula!G2)/(Formula!C2+Formula!E2+Formula!G2+Formula!I2+Formula!K2))*(INDEX(Properties!A$1:CB$87,Formula!F2,39))+((Formula!I2)/(Formula!C2+Formula!E2+Formula!G2+Formula!I2+Formula!K2))*(INDEX(Properties!A$1:CB$87,Formula!H2,39))+((Formula!K2)/(Formula!C2+Formula!E2+Formula!G2+Formula!I2+Formula!K2))*(INDEX(Properties!A$1:CB$87,Formula!J2,39)) -> 0.82965517 | DM2: =Formula!C2*(INDEX(Properties!A$1:CB$87,Formula!B2,39))+Formula!E2*(INDEX(Properties!A$1:CB$87,Formula!D2,39))+Formula!G2*(INDEX(Properties!A$1:CB$87,Formula!F2,39))+Formula!I2*(INDEX(Properties!A$1:CB$87,Formula!H2,39))+Formula!K2*(INDEX(Properties!A$1:CB$87,Formula!J2,39)) -> 24.06 | DN2: =VARP(IF(INDEX(Properties!A$1:CB$87,Formula!B2,39)<>"",INDEX(Properties!A$1:CB$87,Formula!B2,39)),IF(INDEX(Properties!A$1:CB$87,Formula!D2,39)<>"",INDEX(Properties!A$1:CB$87,Formula!D2,39)),IF(INDEX(Properties!A$1:CB$87,Formula!F2,39)<>"",INDEX(Properties!A$1:CB$87,Formula!F2,39)),IF(INDEX(Properties!A$1:CB$87,Formula!H2,39)<>"",INDEX(Properties!A$1:CB$87,Formula!H2,39)),IF(INDEX(Properties!A$1:CB$87,Formula!J2,39)<>"",INDEX(Properties!A$1:CB$87,Formula!J2,39))) -> 0.58928 | DO2: =MAX(INDEX(Properties!A$1:CB$87,Formula!B2,39),INDEX(Properties!A$1:CB$87,Formula!D2,39),INDEX(Properties!A$1:CB$87,Formula!F2,39),INDEX(Properties!A$1:CB$87,Formula!H2,39),INDEX(Properties!A$1:CB$87,Formula!J2,39)) -> 1.94 | DP2: =MIN(IF(INDEX(Properties!A$1:CB$87,Formula!B2,39)=0,10^6,INDEX(Properties!A$1:CB$87,Formula!B2,39)),IF(INDEX(Properties!A$1:CB$87,Formula!D2,39)=0,10^6,INDEX(Properties!A$1:CB$87,Formula!D2,39)),IF(INDEX(Properties!A$1:CB$87,Formula!F2,39)=0,10^6,INDEX(Properties!A$1:CB$87,Formula!F2,39)),IF(INDEX(Properties!A$1:CB$87,Formula!H2,39)=0,10^6,INDEX(Properties!A$1:CB$87,Formula!H2,39)),IF(INDEX(Properties!A$1:CB$87,Formula!J2,39)=0,10^6,INDEX(Properties!A$1:CB$87,Formula!J2,39))) -> 0.48 | DQ2: =ABS(DO2-DP2) -> 1.46 | DR2: =((Formula!C2)/(Formula!C2+Formula!E2+Formula!G2+Formula!I2+Formula!K2))*(INDEX(Properties!A$1:CB$87,Formula!B2,40))+((Formula!E2)/(Formula!C2+Formula!E2+Formula!G2+Formula!I2+Formula!K2))*(INDEX(Properties!A$1:CB$87,Formula!D2,40))+((Formula!G2)/(Formula!C2+Formula!E2+Formula!G2+Formula!I2+Formula!K2))*(INDEX(Properties!A$1:CB$87,Formula!F2,40))+((Formula!I2)/(Formula!C2+Formula!E2+Formula!G2+Formula!I2+Formula!K2))*(INDEX(Properties!A$1:CB$87,Formula!H2,40))+((Formula!K2)/(Formula!C2+Formula!E2+Formula!G2+Formula!I2+Formula!K2))*(INDEX(Properties!A$1:CB$87,Formula!J2,40)) -> 0.94482759 | DS2: =Formula!C2*(INDEX(Properties!A$1:CB$87,Formula!B2,40))+Formula!E2*(INDEX(Properties!A$1:CB$87,Formula!D2,40))+Formula!G2*(INDEX(Properties!A$1:CB$87,Formula!F2,40))+Formula!I2*(INDEX(Properties!A$1:CB$87,Formula!H2,40))+Formula!K2*(INDEX(Properties!A$1:CB$87,Formula!J2,40)) -> 27.4 | DT2: =VARP(IF(INDEX(Properties!A$1:CB$87,Formula!B2,40)<>"",INDEX(Properties!A$1:CB$87,Formula!B2,40)),IF(INDEX(Properties!A$1:CB$87,Formula!D2,40)<>"",INDEX(Properties!A$1:CB$87,Formula!D2,40)),IF(INDEX(Properties!A$1:CB$87,Formula!F2,40)<>"",INDEX(Properties!A$1:CB$87,Formula!F2,40)),IF(INDEX(Properties!A$1:CB$87,Formula!H2,40)<>"",INDEX(Properties!A$1:CB$87,Formula!H2,40)),IF(INDEX(Properties!A$1:CB$87,Formula!J2,40)<>"",INDEX(Properties!A$1:CB$87,Formula!J2,40))) -> 0.382944 | DU2: =MAX(INDEX(Properties!A$1:CB$87,Formula!B2,40),INDEX(Properties!A$1:CB$87,Formula!D2,40),INDEX(Properties!A$1:CB$87,Formula!F2,40),INDEX(Properties!A$1:CB$87,Formula!H2,40),INDEX(Properties!A$1:CB$87,Formula!J2,40)) -> 1.74 | DV2: =MIN(IF(INDEX(Properties!A$1:CB$87,Formula!B2,40)=0,10^6,INDEX(Properties!A$1:CB$87,Formula!B2,40)),IF(INDEX(Properties!A$1:CB$87,Formula!D2,40)=0,10^6,INDEX(Properties!A$1:CB$87,Formula!D2,40)),IF(INDEX(Properties!A$1:CB$87,Formula!F2,40)=0,10^6,INDEX(Properties!A$1:CB$87,Formula!F2,40)),IF(INDEX(Properties!A$1:CB$87,Formula!H2,40)=0,10^6,INDEX(Properties!A$1:CB$87,Formula!H2,40)),IF(INDEX(Properties!A$1:CB$87,Formula!J2,40)=0,10^6,INDEX(Properties!A$1:CB$87,Formula!J2,40))) -> 0.73 | DW2: =ABS(DU2-DV2) -> 1.01 | DX2: =((Formula!C2)/(Formula!C2+Formula!E2+Formula!G2+Formula!I2+Formula!K2))*(INDEX(Properties!A$1:CB$87,Formula!B2,41))+((Formula!E2)/(Formula!C2+Formula!E2+Formula!G2+Formula!I2+Formula!K2))*(INDEX(Properties!A$1:CB$87,Formula!D2,41))+((Formula!G2)/(Formula!C2+Formula!E2+Formula!G2+Formula!I2+Formula!K2))*(INDEX(Properties!A$1:CB$87,Formula!F2,41))+((Formula!I2)/(Formula!C2+Formula!E2+Formula!G2+Formula!I2+Formula!K2))*(INDEX(Properties!A$1:CB$87,Formula!H2,41))+((Formula!K2)/(Formula!C2+Formula!E2+Formula!G2+Formula!I2+Formula!K2))*(INDEX(Properties!A$1:CB$87,Formula!J2,41)) -> 1.1013793 | DY2: =Formula!C2*(INDEX(Properties!A$1:CB$87,Formula!B2,41))+Formula!E2*(INDEX(Properties!A$1:CB$87,Formula!D2,41))+Formula!G2*(INDEX(Properties!A$1:CB$87,Formula!F2,41))+Formula!I2*(INDEX(Properties!A$1:CB$87,Formula!H2,41))+Formula!K2*(INDEX(Properties!A$1:CB$87,Formula!J2,41)) -> 31.94 | DZ2: =VARP(IF(INDEX(Properties!A$1:CB$87,Formula!B2,41)<>"",INDEX(Properties!A$1:CB$87,Formula!B2,41)),IF(INDEX(Properties!A$1:CB$87,Formula!D2,41)<>"",INDEX(Properties!A$1:CB$87,Formula!D2,41)),IF(INDEX(Properties!A$1:CB$87,Formula!F2,41)<>"",INDEX(Properties!A$1:CB$87,Formula!F2,41)),IF(INDEX(Properties!A$1:CB$87,Formula!H2,41)<>"",INDEX(Properties!A$1:CB$87,Formula!H2,41)),IF(INDEX(Properties!A$1:CB$87,Formula!J2,41)<>"",INDEX(Properties!A$1:CB$87,Formula!J2,41))) -> 0.228256 | EA2: =MAX(INDEX(Properties!A$1:CB$87,Formula!B2,41),INDEX(Properties!A$1:CB$87,Formula!D2,41),INDEX(Properties!A$1:CB$87,Formula!F2,41),INDEX(Properties!A$1:CB$87,Formula!H2,41),INDEX(Properties!A$1:CB$87,Formula!J2,41)) -> 1.26 | EB2: =MIN(IF(INDEX(Properties!A$1:CB$87,Formula!B2,41)=0,10^6,INDEX(Properties!A$1:CB$87,Formula!B2,41)),IF(INDEX(Properties!A$1:CB$87,Formula!D2,41)=0,10^6,INDEX(Properties!A$1:CB$87,Formula!D2,41)),IF(INDEX(Properties!A$1:CB$87,Formula!F2,41)=0,10^6,INDEX(Properties!A$1:CB$87,Formula!F2,41)),IF(INDEX(Properties!A$1:CB$87,Formula!H2,41)=0,10^6,INDEX(Properties!A$1:CB$87,Formula!H2,41)),IF(INDEX(Properties!A$1:CB$87,Formula!J2,41)=0,10^6,INDEX(Properties!A$1:CB$87,Formula!J2,41))) -> 0.58 | EC2: =ABS(EA2-EB2) -> 0.68 | ED2: =((Formula!C2)/(Formula!C2+Formula!E2+Formula!G2+Formula!I2+Formula!K2))*(INDEX(Properties!A$1:CB$87,Formula!B2,45))+((Formula!E2)/(Formula!C2+Formula!E2+Formula!G2+Formula!I2+Formula!K2))*(INDEX(Properties!A$1:CB$87,Formula!D2,45))+((Formula!G2)/(Formula!C2+Formula!E2+Formula!G2+Formula!I2+Formula!K2))*(INDEX(Properties!A$1:CB$87,Formula!F2,45))+((Formula!I2)/(Formula!C2+Formula!E2+Formula!G2+Formula!I2+Formula!K2))*(INDEX(Properties!A$1:CB$87,Formula!H2,45))+((Formula!K2)/(Formula!C2+Formula!E2+Formula!G2+Formula!I2+Formula!K2))*(INDEX(Properties!A$1:CB$87,Formula!J2,45)) -> 1.0172414 | EE2: =Formula!C2*(INDEX(Properties!A$1:CB$87,Formula!B2,45))+Formula!E2*(INDEX(Properties!A$1:CB$87,Formula!D2,45))+Formula!G2*(INDEX(Properties!A$1:CB$87,Formula!F2,45))+Formula!I2*(INDEX(Properties!A$1:CB$87,Formula!H2,45))+Formula!K2*(INDEX(Properties!A$1:CB$87,Formula!J2,45)) -> 29.5 | EF2: =VARP(IF(INDEX(Properties!A$1:CB$87,Formula!B2,45)<>"",INDEX(Properties!A$1:CB$87,Formula!B2,45)),IF(INDEX(Properties!A$1:CB$87,Formula!D2,45)<>"",INDEX(Properties!A$1:CB$87,Formula!D2,45)),IF(INDEX(Properties!A$1:CB$87,Formula!F2,45)<>"",INDEX(Properties!A$1:CB$87,Formula!F2,45)),IF(INDEX(Properties!A$1:CB$87,Formula!H2,45)<>"",INDEX(Properties!A$1:CB$87,Formula!H2,45)),IF(INDEX(Properties!A$1:CB$87,Formula!J2,45)<>"",INDEX(Properties!A$1:CB$87,Formula!J2,45))) -> 1.389416 | EG2: =MAX(INDEX(Properties!A$1:CB$87,Formula!B2,45),INDEX(Properties!A$1:CB$87,Formula!D2,45),INDEX(Properties!A$1:CB$87,Formula!F2,45),INDEX(Properties!A$1:CB$87,Formula!H2,45),INDEX(Properties!A$1:CB$87,Formula!J2,45)) -> 3 | EH2: =MIN(IF(INDEX(Properties!A$1:CB$87,Formula!B2,45)=0,10^6,INDEX(Properties!A$1:CB$87,Formula!B2,45)),IF(INDEX(Properties!A$1:CB$87,Formula!D2,45)=0,10^6,INDEX(Properties!A$1:CB$87,Formula!D2,45)),IF(INDEX(Properties!A$1:CB$87,Formula!F2,45)=0,10^6,INDEX(Properties!A$1:CB$87,Formula!F2,45)),IF(INDEX(Properties!A$1:CB$87,Formula!H2,45)=0,10^6,INDEX(Properties!A$1:CB$87,Formula!H2,45)),IF(INDEX(Properties!A$1:CB$87,Formula!J2,45)=0,10^6,INDEX(Properties!A$1:CB$87,Formula!J2,45))) -> 0.47 | EI2: =ABS(EG2-EH2) -> 2.53 | EJ2: =((Formula!C2)/(Formula!C2+Formula!E2+Formula!G2+Formula!I2+Formula!K2))*(INDEX(Properties!A$1:CB$87,Formula!B2,46))+((Formula!E2)/(Formula!C2+Formula!E2+Formula!G2+Formula!I2+Formula!K2))*(INDEX(Properties!A$1:CB$87,Formula!D2,46))+((Formula!G2)/(Formula!C2+Formula!E2+Formula!G2+Formula!I2+Formula!K2))*(INDEX(Properties!A$1:CB$87,Formula!F2,46))+((Formula!I2)/(Formula!C2+Formula!E2+Formula!G2+Formula!I2+Formula!K2))*(INDEX(Properties!A$1:CB$87,Formula!H2,46))+((Formula!K2)/(Formula!C2+Formula!E2+Formula!G2+Formula!I2+Formula!K2))*(INDEX(Properties!A$1:CB$87,Formula!J2,46)) -> 1.0144828 | EK2: =Formula!C2*(INDEX(Properties!A$1:CB$87,Formula!B2,46))+Formula!E2*(INDEX(Properties!A$1:CB$87,Formula!D2,46))+Formula!G2*(INDEX(Properties!A$1:CB$87,Formula!F2,46))+Formula!I2*(INDEX(Properties!A$1:CB$87,Formula!H2,46))+Formula!K2*(INDEX(Properties!A$1:CB$87,Formula!J2,46)) -> 29.42 | EL2: =VARP(IF(INDEX(Properties!A$1:CB$87,Formula!B2,46)<>"",INDEX(Properties!A$1:CB$87,Formula!B2,46)),IF(INDEX(Properties!A$1:CB$87,Formula!D2,46)<>"",INDEX(Properties!A$1:CB$87,Formula!D2,46)),IF(INDEX(Properties!A$1:CB$87,Formula!F2,46)<>"",INDEX(Properties!A$1:CB$87,Formula!F2,46)),IF(INDEX(Properties!A$1:CB$87,Formula!H2,46)<>"",INDEX(Properties!A$1:CB$87,Formula!H2,46)),IF(INDEX(Properties!A$1:CB$87,Formula!J2,46)<>"",INDEX(Properties!A$1:CB$87,Formula!J2,46))) -> 0.257384 | EM2: =MAX(INDEX(Properties!A$1:CB$87,Formula!B2,46),INDEX(Properties!A$1:CB$87,Formula!D2,46),INDEX(Properties!A$1:CB$87,Formula!F2,46),INDEX(Properties!A$1:CB$87,Formula!H2,46),INDEX(Properties!A$1:CB$87,Formula!J2,46)) -> 1.21 | EN2: =MIN(IF(INDEX(Properties!A$1:CB$87,Formula!B2,46)=0,10^6,INDEX(Properties!A$1:CB$87,Formula!B2,46)),IF(INDEX(Properties!A$1:CB$87,Formula!D2,46)=0,10^6,INDEX(Properties!A$1:CB$87,Formula!D2,46)),IF(INDEX(Properties!A$1:CB$87,Formula!F2,46)=0,10^6,INDEX(Properties!A$1:CB$87,Formula!F2,46)),IF(INDEX(Properties!A$1:CB$87,Formula!H2,46)=0,10^6,INDEX(Properties!A$1:CB$87,Formula!H2,46)),IF(INDEX(Properties!A$1:CB$87,Formula!J2,46)=0,10^6,INDEX(Properties!A$1:CB$87,Formula!J2,46))) -> 0.31 | EO2: =ABS(EM2-EN2) -> 0.9 | EP2: =((Formula!C2)/(Formula!C2+Formula!E2+Formula!G2+Formula!I2+Formula!K2))*(INDEX(Properties!A$1:CB$87,Formula!B2,52))+((Formula!E2)/(Formula!C2+Formula!E2+Formula!G2+Formula!I2+Formula!K2))*(INDEX(Properties!A$1:CB$87,Formula!D2,52))+((Formula!G2)/(Formula!C2+Formula!E2+Formula!G2+Formula!I2+Formula!K2))*(INDEX(Properties!A$1:CB$87,Formula!F2,52))+((Formula!I2)/(Formula!C2+Formula!E2+Formula!G2+Formula!I2+Formula!K2))*(INDEX(Properties!A$1:CB$87,Formula!H2,52))+((Formula!K2)/(Formula!C2+Formula!E2+Formula!G2+Formula!I2+Formula!K2))*(INDEX(Properties!A$1:CB$87,Formula!J2,52)) -> 5.2784138 | EQ2: =Formula!C2*(INDEX(Properties!A$1:CB$87,Formula!B2,52))+Formula!E2*(INDEX(Properties!A$1:CB$87,Formula!D2,52))+Formula!G2*(INDEX(Properties!A$1:CB$87,Formula!F2,52))+Formula!I2*(INDEX(Properties!A$1:CB$87,Formula!H2,52))+Formula!K2*(INDEX(Properties!A$1:CB$87,Formula!J2,52)) -> 153.074 | ER2: =VARP(IF(INDEX(Properties!A$1:CB$87,Formula!B2,52)<>"",INDEX(Properties!A$1:CB$87,Formula!B2,52)),IF(INDEX(Properties!A$1:CB$87,Formula!D2,52)<>"",INDEX(Properties!A$1:CB$87,Formula!D2,52)),IF(INDEX(Properties!A$1:CB$87,Formula!F2,52)<>"",INDEX(Properties!A$1:CB$87,Formula!F2,52)),IF(INDEX(Properties!A$1:CB$87,Formula!H2,52)<>"",INDEX(Properties!A$1:CB$87,Formula!H2,52)),IF(INDEX(Properties!A$1:CB$87,Formula!J2,52)<>"",INDEX(Properties!A$1:CB$87,Formula!J2,52))) -> 114.88062 | ES2: =MAX(INDEX(Properties!A$1:CB$87,Formula!B2,52),INDEX(Properties!A$1:CB$87,Formula!D2,52),INDEX(Properties!A$1:CB$87,Formula!F2,52),INDEX(Properties!A$1:CB$87,Formula!H2,52),INDEX(Properties!A$1:CB$87,Formula!J2,52)) -> 23.6 | ET2: =MIN(IF(INDEX(Properties!A$1:CB$87,Formula!B2,52)=0,10^6,INDEX(Properties!A$1:CB$87,Formula!B2,52)),IF(INDEX(Properties!A$1:CB$87,Formula!D2,52)=0,10^6,INDEX(Properties!A$1:CB$87,Formula!D2,52)),IF(INDEX(Properties!A$1:CB$87,Formula!F2,52)=0,10^6,INDEX(Properties!A$1:CB$87,Formula!F2,52)),IF(INDEX(Properties!A$1:CB$87,Formula!H2,52)=0,10^6,INDEX(Properties!A$1:CB$87,Formula!H2,52)),IF(INDEX(Properties!A$1:CB$87,Formula!J2,52)=0,10^6,INDEX(Properties!A$1:CB$87,Formula!J2,52))) -> 0.793 | EU2: =ABS(ES2-ET2) -> 22.807 | EV2: =((Formula!C2)/(Formula!C2+Formula!E2+Formula!G2+Formula!I2+Formula!K2))*(INDEX(Properties!A$1:CB$87,Formula!B2,53))+((Formula!E2)/(Formula!C2+Formula!E2+Formula!G2+Formula!I2+Formula!K2))*(INDEX(Properties!A$1:CB$87,Formula!D2,53))+((Formula!G2)/(Formula!C2+Formula!E2+Formula!G2+Formula!I2+Formula!K2))*(INDEX(Properties!A$1:CB$87,Formula!F2,53))+((Formula!I2)/(Formula!C2+Formula!E2+Formula!G2+Formula!I2+Formula!K2))*(INDEX(Properties!A$1:CB$87,Formula!H2,53))+((Formula!K2)/(Formula!C2+Formula!E2+Formula!G2+Formula!I2+Formula!K2))*(INDEX(Properties!A$1:CB$87,Formula!J2,53)) -> 189.13621 | EW2: =Formula!C2*(INDEX(Properties!A$1:CB$87,Formula!B2,53))+Formula!E2*(INDEX(Properties!A$1:CB$87,Formula!D2,53))+Formula!G2*(INDEX(Properties!A$1:CB$87,Formula!F2,53))+Formula!I2*(INDEX(Properties!A$1:CB$87,Formula!H2,53))+Formula!K2*(INDEX(Properties!A$1:CB$87,Formula!J2,53)) -> 5484.95 | EX2: =VARP(IF(INDEX(Properties!A$1:CB$87,Formula!B2,53)<>"",INDEX(Properties!A$1:CB$87,Formula!B2,53)),IF(INDEX(Properties!A$1:CB$87,Formula!D2,53)<>"",INDEX(Properties!A$1:CB$87,Formula!D2,53)),IF(INDEX(Properties!A$1:CB$87,Formula!F2,53)<>"",INDEX(Properties!A$1:CB$87,Formula!F2,53)),IF(INDEX(Properties!A$1:CB$87,Formula!H2,53)<>"",INDEX(Properties!A$1:CB$87,Formula!H2,53)),IF(INDEX(Properties!A$1:CB$87,Formula!J2,53)<>"",INDEX(Properties!A$1:CB$87,Formula!J2,53))) -> 157969.49 | EY2: =MAX(INDEX(Properties!A$1:CB$87,Formula!B2,53),INDEX(Properties!A$1:CB$87,Formula!D2,53),INDEX(Properties!A$1:CB$87,Formula!F2,53),INDEX(Properties!A$1:CB$87,Formula!H2,53),INDEX(Properties!A$1:CB$87,Formula!J2,53)) -> 1112.15 | EZ2: =MIN(IF(INDEX(Properties!A$1:CB$87,Formula!B2,53)=0,10^6,INDEX(Properties!A$1:CB$87,Formula!B2,53)),IF(INDEX(Properties!A$1:CB$87,Formula!D2,53)=0,10^6,INDEX(Properties!A$1:CB$87,Formula!D2,53)),IF(INDEX(Properties!A$1:CB$87,Formula!F2,53)=0,10^6,INDEX(Properties!A$1:CB$87,Formula!F2,53)),IF(INDEX(Properties!A$1:CB$87,Formula!H2,53)=0,10^6,INDEX(Properties!A$1:CB$87,Formula!H2,53)),IF(INDEX(Properties!A$1:CB$87,Formula!J2,53)=0,10^6,INDEX(Properties!A$1:CB$87,Formula!J2,53))) -> 54.75 | FA2: =ABS(EY2-EZ2) -> 1057.4 | FB2: =((Formula!C2)/(Formula!C2+Formula!E2+Formula!G2+Formula!I2+Formula!K2))*(INDEX(Properties!A$1:CB$87,Formula!B2,54))+((Formula!E2)/(Formula!C2+Formula!E2+Formula!G2+Formula!I2+Formula!K2))*(INDEX(Properties!A$1:CB$87,Formula!D2,54))+((Formula!G2)/(Formula!C2+Formula!E2+Formula!G2+Formula!I2+Formula!K2))*(INDEX(Properties!A$1:CB$87,Formula!F2,54))+((Formula!I2)/(Formula!C2+Formula!E2+Formula!G2+Formula!I2+Formula!K2))*(INDEX(Properties!A$1:CB$87,Formula!H2,54))+((Formula!K2)/(Formula!C2+Formula!E2+Formula!G2+Formula!I2+Formula!K2))*(INDEX(Properties!A$1:CB$87,Formula!J2,54)) -> 390.46034 | FC2: =Formula!C2*(INDEX(Properties!A$1:CB$87,Formula!B2,54))+Formula!E2*(INDEX(Properties!A$1:CB$87,Formula!D2,54))+Formula!G2*(INDEX(Properties!A$1:CB$87,Formula!F2,54))+Formula!I2*(INDEX(Properties!A$1:CB$87,Formula!H2,54))+Formula!K2*(INDEX(Properties!A$1:CB$87,Formula!J2,54)) -> 11323.35 | FD2: =VARP(IF(INDEX(Properties!A$1:CB$87,Formula!B2,54)<>"",INDEX(Properties!A$1:CB$87,Formula!B2,54)),IF(INDEX(Properties!A$1:CB$87,Formula!D2,54)<>"",INDEX(Properties!A$1:CB$87,Formula!D2,54)),IF(INDEX(Properties!A$1:CB$87,Formula!F2,54)<>"",INDEX(Properties!A$1:CB$87,Formula!F2,54)),IF(INDEX(Properties!A$1:CB$87,Formula!H2,54)<>"",INDEX(Properties!A$1:CB$87,Formula!H2,54)),IF(INDEX(Properties!A$1:CB$87,Formula!J2,54)<>"",INDEX(Properties!A$1:CB$87,Formula!J2,54))) -> 441696.04 | FE2: =MAX(INDEX(Properties!A$1:CB$87,Formula!B2,54),INDEX(Properties!A$1:CB$87,Formula!D2,54),INDEX(Properties!A$1:CB$87,Formula!F2,54),INDEX(Properties!A$1:CB$87,Formula!H2,54),INDEX(Properties!A$1:CB$87,Formula!J2,54)) -> 1757.15 | FF2: =MIN(IF(INDEX(Properties!A$1:CB$87,Formula!B2,54)=0,10^6,INDEX(Properties!A$1:CB$87,Formula!B2,54)),IF(INDEX(Properties!A$1:CB$87,Formula!D2,54)=0,10^6,INDEX(Properties!A$1:CB$87,Formula!D2,54)),IF(INDEX(Properties!A$1:CB$87,Formula!F2,54)=0,10^6,INDEX(Properties!A$1:CB$87,Formula!F2,54)),IF(INDEX(Properties!A$1:CB$87,Formula!H2,54)=0,10^6,INDEX(Properties!A$1:CB$87,Formula!H2,54)),IF(INDEX(Properties!A$1:CB$87,Formula!J2,54)=0,10^6,INDEX(Properties!A$1:CB$87,Formula!J2,54))) -> 90.15 | FG2: =ABS(FE2-FF2) -> 1667 | FH2: =((Formula!C2)/(Formula!C2+Formula!E2+Formula!G2+Formula!I2+Formula!K2))*(INDEX(Properties!A$1:CB$87,Formula!B2,55))+((Formula!E2)/(Formula!C2+Formula!E2+Formula!G2+Formula!I2+Formula!K2))*(INDEX(Properties!A$1:CB$87,Formula!D2,55))+((Formula!G2)/(Formula!C2+Formula!E2+Formula!G2+Formula!I2+Formula!K2))*(INDEX(Properties!A$1:CB$87,Formula!F2,55))+((Formula!I2)/(Formula!C2+Formula!E2+Formula!G2+Formula!I2+Formula!K2))*(INDEX(Properties!A$1:CB$87,Formula!H2,55))+((Formula!K2)/(Formula!C2+Formula!E2+Formula!G2+Formula!I2+Formula!K2))*(INDEX(Properties!A$1:CB$87,Formula!J2,55)) -> 0.56481862 | FI2: =Formula!C2*(INDEX(Properties!A$1:CB$87,Formula!B2,55))+Formula!E2*(INDEX(Properties!A$1:CB$87,Formula!D2,54))+Formula!G2*(INDEX(Properties!A$1:CB$87,Formula!F2,55))+Formula!I2*(INDEX(Properties!A$1:CB$87,Formula!H2,55))+Formula!K2*(INDEX(Properties!A$1:CB$87,Formula!J2,55)) -> 1771.9797 | FJ2: =VARP(IF(INDEX(Properties!A$1:CB$87,Formula!B2,55)<>"",INDEX(Properties!A$1:CB$87,Formula!B2,55)),IF(INDEX(Properties!A$1:CB$87,Formula!D2,55)<>"",INDEX(Properties!A$1:CB$87,Formula!D2,55)),IF(INDEX(Properties!A$1:CB$87,Formula!F2,55)<>"",INDEX(Properties!A$1:CB$87,Formula!F2,55)),IF(INDEX(Properties!A$1:CB$87,Formula!H2,55)<>"",INDEX(Properties!A$1:CB$87,Formula!H2,55)),IF(INDEX(Properties!A$1:CB$87,Formula!J2,55)<>"",INDEX(Properties!A$1:CB$87,Formula!J2,55))) -> 0.57728068 | FK2: =MAX(INDEX(Properties!A$1:CB$87,Formula!B2,55),INDEX(Properties!A$1:CB$87,Formula!D2,55),INDEX(Properties!A$1:CB$87,Formula!F2,55),INDEX(Properties!A$1:CB$87,Formula!H2,55),INDEX(Properties!A$1:CB$87,Formula!J2,55)) -> 1.82 | FL2: =MIN(IF(INDEX(Properties!A$1:CB$87,Formula!B2,55)=0,10^6,INDEX(Properties!A$1:CB$87,Formula!B2,55)),IF(INDEX(Properties!A$1:CB$87,Formula!D2,55)=0,10^6,INDEX(Properties!A$1:CB$87,Formula!D2,55)),IF(INDEX(Properties!A$1:CB$87,Formula!F2,55)=0,10^6,INDEX(Properties!A$1:CB$87,Formula!F2,55)),IF(INDEX(Properties!A$1:CB$87,Formula!H2,55)=0,10^6,INDEX(Properties!A$1:CB$87,Formula!H2,55)),IF(INDEX(Properties!A$1:CB$87,Formula!J2,55)=0,10^6,INDEX(Properties!A$1:CB$87,Formula!J2,55))) -> 0.00143 | FM2: =ABS(FK2-FL2) -> 1.81857 | FN2: =((Formula!C2)/(Formula!C2+Formula!E2+Formula!G2+Formula!I2+Formula!K2))*(INDEX(Properties!A$1:CB$87,Formula!B2,56))+((Formula!E2)/(Formula!C2+Formula!E2+Formula!G2+Formula!I2+Formula!K2))*(INDEX(Properties!A$1:CB$87,Formula!D2,56))+((Formula!G2)/(Formula!C2+Formula!E2+Formula!G2+Formula!I2+Formula!K2))*(INDEX(Properties!A$1:CB$87,Formula!F2,56))+((Formula!I2)/(Formula!C2+Formula!E2+Formula!G2+Formula!I2+Formula!K2))*(INDEX(Properties!A$1:CB$87,Formula!H2,56))+((Formula!K2)/(Formula!C2+Formula!E2+Formula!G2+Formula!I2+Formula!K2))*(INDEX(Properties!A$1:CB$87,Formula!J2,56)) -> 0.92172414 | FO2: =Formula!C2*(INDEX(Properties!A$1:CB$87,Formula!B2,56))+Formula!E2*(INDEX(Properties!A$1:CB$87,Formula!D2,56))+Formula!G2*(INDEX(Properties!A$1:CB$87,Formula!F2,56))+Formula!I2*(INDEX(Properties!A$1:CB$87,Formula!H2,56))+Formula!K2*(INDEX(Properties!A$1:CB$87,Formula!J2,56)) -> 26.73 | FP2: =VARP(IF(INDEX(Properties!A$1:CB$87,Formula!B2,56)<>"",INDEX(Properties!A$1:CB$87,Formula!B2,56)),IF(INDEX(Properties!A$1:CB$87,Formula!D2,56)<>"",INDEX(Properties!A$1:CB$87,Formula!D2,56)),IF(INDEX(Properties!A$1:CB$87,Formula!F2,56)<>"",INDEX(Properties!A$1:CB$87,Formula!F2,56)),IF(INDEX(Properties!A$1:CB$87,Formula!H2,56)<>"",INDEX(Properties!A$1:CB$87,Formula!H2,56)),IF(INDEX(Properties!A$1:CB$87,Formula!J2,56)<>"",INDEX(Properties!A$1:CB$87,Formula!J2,56))) -> 0.16572 | FQ2: =MAX(INDEX(Properties!A$1:CB$87,Formula!B2,56),INDEX(Properties!A$1:CB$87,Formula!D2,56),INDEX(Properties!A$1:CB$87,Formula!F2,56),INDEX(Properties!A$1:CB$87,Formula!H2,56),INDEX(Properties!A$1:CB$87,Formula!J2,56)) -> 1.23 | FR2: =MIN(IF(INDEX(Properties!A$1:CB$87,Formula!B2,56)=0,10^6,INDEX(Properties!A$1:CB$87,Formula!B2,56)),IF(INDEX(Properties!A$1:CB$87,Formula!D2,56)=0,10^6,INDEX(Properties!A$1:CB$87,Formula!D2,56)),IF(INDEX(Properties!A$1:CB$87,Formula!F2,56)=0,10^6,INDEX(Properties!A$1:CB$87,Formula!F2,56)),IF(INDEX(Properties!A$1:CB$87,Formula!H2,56)=0,10^6,INDEX(Properties!A$1:CB$87,Formula!H2,56)),IF(INDEX(Properties!A$1:CB$87,Formula!J2,56)=0,10^6,INDEX(Properties!A$1:CB$87,Formula!J2,56))) -> 0.63 | FS2: =ABS(FQ2-FR2) -> 0.6 | FT2: =((Formula!C2)/(Formula!C2+Formula!E2+Formula!G2+Formula!I2+Formula!K2))*(INDEX(Properties!A$1:CB$87,Formula!B2,57))+((Formula!E2)/(Formula!C2+Formula!E2+Formula!G2+Formula!I2+Formula!K2))*(INDEX(Properties!A$1:CB$87,Formula!D2,57))+((Formula!G2)/(Formula!C2+Formula!E2+Formula!G2+Formula!I2+Formula!K2))*(INDEX(Properties!A$1:CB$87,Formula!F2,57))+((Formula!I2)/(Formula!C2+Formula!E2+Formula!G2+Formula!I2+Formula!K2))*(INDEX(Properties!A$1:CB$87,Formula!H2,57))+((Formula!K2)/(Formula!C2+Formula!E2+Formula!G2+Formula!I2+Formula!K2))*(INDEX(Properties!A$1:CB$87,Formula!J2,57)) -> 0.92691793 | FU2: =Formula!C2*(INDEX(Properties!A$1:CB$87,Formula!B2,57))+Formula!E2*(INDEX(Properties!A$1:CB$87,Formula!D2,57))+Formula!G2*(INDEX(Properties!A$1:CB$87,Formula!F2,57))+Formula!I2*(INDEX(Properties!A$1:CB$87,Formula!H2,57))+Formula!K2*(INDEX(Properties!A$1:CB$87,Formula!J2,57)) -> 26.88062 | FV2: =VARP(IF(INDEX(Properties!A$1:CB$87,Formula!B2,57)<>"",INDEX(Properties!A$1:CB$87,Formula!B2,57)),IF(INDEX(Properties!A$1:CB$87,Formula!D2,57)<>"",INDEX(Properties!A$1:CB$87,Formula!D2,57)),IF(INDEX(Properties!A$1:CB$87,Formula!F2,57)<>"",INDEX(Properties!A$1:CB$87,Formula!F2,57)),IF(INDEX(Properties!A$1:CB$87,Formula!H2,57)<>"",INDEX(Properties!A$1:CB$87,Formula!H2,57)),IF(INDEX(Properties!A$1:CB$87,Formula!J2,57)<>"",INDEX(Properties!A$1:CB$87,Formula!J2,57))) -> 10.255581 | FW2: =MAX(INDEX(Properties!A$1:CB$87,Formula!B2,57),INDEX(Properties!A$1:CB$87,Formula!D2,57),INDEX(Properties!A$1:CB$87,Formula!F2,57),INDEX(Properties!A$1:CB$87,Formula!H2,57),INDEX(Properties!A$1:CB$87,Formula!J2,57)) -> 8.54 | FX2: =MIN(IF(INDEX(Properties!A$1:CB$87,Formula!B2,57)=0,10^6,INDEX(Properties!A$1:CB$87,Formula!B2,57)),IF(INDEX(Properties!A$1:CB$87,Formula!D2,57)=0,10^6,INDEX(Properties!A$1:CB$87,Formula!D2,57)),IF(INDEX(Properties!A$1:CB$87,Formula!F2,57)=0,10^6,INDEX(Properties!A$1:CB$87,Formula!F2,57)),IF(INDEX(Properties!A$1:CB$87,Formula!H2,57)=0,10^6,INDEX(Properties!A$1:CB$87,Formula!H2,57)),IF(INDEX(Properties!A$1:CB$87,Formula!J2,57)=0,10^6,INDEX(Properties!A$1:CB$87,Formula!J2,57))) -> 0.22259 | FY2: =ABS(FW2-FX2) -> 8.31741 | FZ2: =((Formula!C2)/(Formula!C2+Formula!E2+Formula!G2+Formula!I2+Formula!K2))*(INDEX(Properties!A$1:CB$87,Formula!B2,60))+((Formula!E2)/(Formula!C2+Formula!E2+Formula!G2+Formula!I2+Formula!K2))*(INDEX(Properties!A$1:CB$87,Formula!D2,60))+((Formula!G2)/(Formula!C2+Formula!E2+Formula!G2+Formula!I2+Formula!K2))*(INDEX(Properties!A$1:CB$87,Formula!F2,60))+((Formula!I2)/(Formula!C2+Formula!E2+Formula!G2+Formula!I2+Formula!K2))*(INDEX(Properties!A$1:CB$87,Formula!H2,60))+((Formula!K2)/(Formula!C2+Formula!E2+Formula!G2+Formula!I2+Formula!K2))*(INDEX(Properties!A$1:CB$87,Formula!J2,60)) -> 26.410046 | GA2: =Formula!C2*(INDEX(Properties!A$1:CB$87,Formula!B2,60))+Formula!E2*(INDEX(Properties!A$1:CB$87,Formula!D2,60))+Formula!G2*(INDEX(Properties!A$1:CB$87,Formula!F2,60))+Formula!I2*(INDEX(Properties!A$1:CB$87,Formula!H2,60))+Formula!K2*(INDEX(Properties!A$1:CB$87,Formula!J2,60)) -> 765.89132 | GB2: =VARP(IF(INDEX(Properties!A$1:CB$87,Formula!B2,60)<>"",INDEX(Properties!A$1:CB$87,Formula!B2,60)),IF(INDEX(Properties!A$1:CB$87,Formula!D2,60)<>"",INDEX(Properties!A$1:CB$87,Formula!D2,60)),IF(INDEX(Properties!A$1:CB$87,Formula!F2,60)<>"",INDEX(Properties!A$1:CB$87,Formula!F2,60)),IF(INDEX(Properties!A$1:CB$87,Formula!H2,60)<>"",INDEX(Properties!A$1:CB$87,Formula!H2,60)),IF(INDEX(Properties!A$1:CB$87,Formula!J2,60)<>"",INDEX(Properties!A$1:CB$87,Formula!J2,60))) -> 7317.8282 | GC2: =MAX(INDEX(Properties!A$1:CB$87,Formula!B2,60),INDEX(Properties!A$1:CB$87,Formula!D2,60),INDEX(Properties!A$1:CB$87,Formula!F2,60),INDEX(Properties!A$1:CB$87,Formula!H2,60),INDEX(Properties!A$1:CB$87,Formula!J2,60)) -> 200 | GD2: =MIN(IF(INDEX(Properties!A$1:CB$87,Formula!B2,60)=0,10^6,INDEX(Properties!A$1:CB$87,Formula!B2,60)),IF(INDEX(Properties!A$1:CB$87,Formula!D2,60)=0,10^6,INDEX(Properties!A$1:CB$87,Formula!D2,60)),IF(INDEX(Properties!A$1:CB$87,Formula!F2,60)=0,10^6,INDEX(Properties!A$1:CB$87,Formula!F2,60)),IF(INDEX(Properties!A$1:CB$87,Formula!H2,60)=0,10^6,INDEX(Properties!A$1:CB$87,Formula!H2,60)),IF(INDEX(Properties!A$1:CB$87,Formula!J2,60)=0,10^6,INDEX(Properties!A$1:CB$87,Formula!J2,60))) -> 0.02674 | GE2: =ABS(GC2-GD2) -> 199.97326 | GF2: =((Formula!C2)/(Formula!C2+Formula!E2+Formula!G2+Formula!I2+Formula!K2))*(INDEX(Properties!A$1:CB$87,Formula!B2,62))+((Formula!E2)/(Formula!C2+Formula!E2+Formula!G2+Formula!I2+Formula!K2))*(INDEX(Properties!A$1:CB$87,Formula!D2,62))+((Formula!G2)/(Formula!C2+Formula!E2+Formula!G2+Formula!I2+Formula!K2))*(INDEX(Properties!A$1:CB$87,Formula!F2,62))+((Formula!I2)/(Formula!C2+Formula!E2+Formula!G2+Formula!I2+Formula!K2))*(INDEX(Properties!A$1:CB$87,Formula!H2,62))+((Formula!K2)/(Formula!C2+Formula!E2+Formula!G2+Formula!I2+Formula!K2))*(INDEX(Properties!A$1:CB$87,Formula!J2,62)) -> 2.5528276 | GG2: =Formula!C2*(INDEX(Properties!A$1:CB$87,Formula!B2,62))+Formula!E2*(INDEX(Properties!A$1:CB$87,Formula!D2,62))+Formula!G2*(INDEX(Properties!A$1:CB$87,Formula!F2,62))+Formula!I2*(INDEX(Properties!A$1:CB$87,Formula!H2,62))+Formula!K2*(INDEX(Properties!A$1:CB$87,Formula!J2,62)) -> 74.032 | GH2: =VARP(IF(INDEX(Properties!A$1:CB$87,Formula!B2,62)<>"",INDEX(Properties!A$1:CB$87,Formula!B2,62)),IF(INDEX(Properties!A$1:CB$87,Formula!D2,62)<>"",INDEX(Properties!A$1:CB$87,Formula!D2,62)),IF(INDEX(Properties!A$1:CB$87,Formula!F2,62)<>"",INDEX(Properties!A$1:CB$87,Formula!F2,62)),IF(INDEX(Properties!A$1:CB$87,Formula!H2,62)<>"",INDEX(Properties!A$1:CB$87,Formula!H2,62)),IF(INDEX(Properties!A$1:CB$87,Formula!J2,62)<>"",INDEX(Properties!A$1:CB$87,Formula!J2,62))) -> 1.4085734 | GI2: =MAX(INDEX(Properties!A$1:CB$87,Formula!B2,62),INDEX(Properties!A$1:CB$87,Formula!D2,62),INDEX(Properties!A$1:CB$87,Formula!F2,62),INDEX(Properties!A$1:CB$87,Formula!H2,62),INDEX(Properties!A$1:CB$87,Formula!J2,62)) -> 3.43 | GJ2: =MIN(IF(INDEX(Properties!A$1:CB$87,Formula!B2,62)=0,10^6,INDEX(Properties!A$1:CB$87,Formula!B2,62)),IF(INDEX(Properties!A$1:CB$87,Formula!D2,62)=0,10^6,INDEX(Properties!A$1:CB$87,Formula!D2,62)),IF(INDEX(Properties!A$1:CB$87,Formula!F2,62)=0,10^6,INDEX(Properties!A$1:CB$87,Formula!F2,62)),IF(INDEX(Properties!A$1:CB$87,Formula!H2,62)=0,10^6,INDEX(Properties!A$1:CB$87,Formula!H2,62)),IF(INDEX(Properties!A$1:CB$87,Formula!J2,62)=0,10^6,INDEX(Properties!A$1:CB$87,Formula!J2,62))) -> 1.113 | GK2: =ABS(GI2-GJ2) -> 2.317 | GL2: =Formula!P2 -> 15 | GM2: =Formula!O2 -> 2 | GN2: =Formula!N2 -> 0.04
